district,flood_count,flood_risk_freq
thiruvananthapuram,231,1.0
lakhimpur,218,0.9437229437229437
dhemaji,202,0.8744588744588745
kamrup,181,0.7835497835497836
nagaon,178,0.7705627705627706
nagpur,177,0.7662337662337663
mumbai,173,0.7489177489177489
barpeta,165,0.7142857142857143
warangal,164,0.70995670995671
sonitpur,161,0.696969696969697
darrang,157,0.6796536796536796
dibrugarh,155,0.670995670995671
cachar,154,0.6666666666666666
wayanad,149,0.645021645021645
goalpara,141,0.6103896103896104
pune,139,0.6017316017316018
baksa,139,0.6017316017316018
jorhat,136,0.5887445887445888
nalbari,136,0.5887445887445888
marigaon,135,0.5844155844155844
golaghat,132,0.5714285714285714
sivasagar,129,0.5584415584415584
dhubri,123,0.5324675324675324
hamirpur,117,0.5064935064935064
idukki,116,0.5021645021645021
alappuzha,113,0.48917748917748916
kozhikode,113,0.48917748917748916
shimla,113,0.48917748917748916
karimganj,107,0.46320346320346323
kottayam,102,0.44155844155844154
kangra,101,0.43722943722943725
kamrup metro,100,0.4329004329004329
malappuram,97,0.4199134199134199
thane,97,0.4199134199134199
kullu,96,0.4155844155844156
chirang,95,0.41125541125541126
kollam,95,0.41125541125541126
aurangabad,91,0.3939393939393939
kannur,91,0.3939393939393939
thrissur,91,0.3939393939393939
bongaigaon,89,0.3852813852813853
mandi,89,0.3852813852813853
biswanath,87,0.37662337662337664
bengaluru rural,87,0.37662337662337664
nashik,86,0.3722943722943723
hailakandi,85,0.36796536796536794
ernakulam,84,0.36363636363636365
west kameng,83,0.3593073593073593
amravati,80,0.3463203463203463
dima hasao,80,0.3463203463203463
washim,78,0.33766233766233766
tinsukia,78,0.33766233766233766
hojai,77,0.3333333333333333
pathanamthitta,75,0.3246753246753247
majuli,75,0.3246753246753247
dakshina kannada,75,0.3246753246753247
karbi anglong,74,0.3203463203463203
kokrajhar,74,0.3203463203463203
chamba,74,0.3203463203463203
kolkata,73,0.31601731601731603
yavatmal,73,0.31601731601731603
bahraich,72,0.3116883116883117
udalguri,72,0.3116883116883117
uttar kashia kannada,71,0.30735930735930733
gonda,71,0.30735930735930733
bara banki,71,0.30735930735930733
patna,71,0.30735930735930733
darjeeling,71,0.30735930735930733
palakkad,70,0.30303030303030304
wardha,70,0.30303030303030304
sitapur,69,0.2987012987012987
akola,68,0.2943722943722944
purbi champaran,68,0.2943722943722944
kasaragod,67,0.29004329004329005
madhubani,67,0.29004329004329005
darbhanga,67,0.29004329004329005
solan,66,0.2857142857142857
nanded,66,0.2857142857142857
belagavi,65,0.2813852813852814
ballia,65,0.2813852813852814
katihar,65,0.2813852813852814
ratnagiri,65,0.2813852813852814
gorakhpur,64,0.27705627705627706
chandrapur,64,0.27705627705627706
pashchim champaran,64,0.27705627705627706
muzaffarpur,63,0.2727272727272727
sirmaur,63,0.2727272727272727
bilaspur,62,0.2683982683982684
kodagu,61,0.26406926406926406
pratapgarh,61,0.26406926406926406
buldhana,61,0.26406926406926406
sitamarhi,60,0.2597402597402597
beed,60,0.2597402597402597
kinnaur,59,0.2554112554112554
cuttack,58,0.2510822510822511
chennai,58,0.2510822510822511
gadchiroli,58,0.2510822510822511
raichur,58,0.2510822510822511
bhandara,58,0.2510822510822511
kheri,58,0.2510822510822511
ballari,58,0.2510822510822511
samastipur,57,0.24675324675324675
ayodhya,57,0.24675324675324675
prayagraj,56,0.24242424242424243
dharwad,56,0.24242424242424243
deoria,56,0.24242424242424243
basti,56,0.24242424242424243
jalpaiguri,55,0.23809523809523808
varanasi,55,0.23809523809523808
saharsa,55,0.23809523809523808
kolhapur,54,0.23376623376623376
sindhudurg,54,0.23376623376623376
bhagalpur,54,0.23376623376623376
kalaburagi,53,0.22943722943722944
raigarh,53,0.22943722943722944
patiala,53,0.22943722943722944
bengaluru urban,53,0.22943722943722944
ahmedabad,53,0.22943722943722944
baleshwar,53,0.22943722943722944
khagaria,53,0.22943722943722944
azamgarh,52,0.22510822510822512
parbhani,52,0.22510822510822512
junagadh,52,0.22510822510822512
saran,52,0.22510822510822512
lucknow,52,0.22510822510822512
una,52,0.22510822510822512
kanpur nagar dehat,51,0.22077922077922077
kota,51,0.22077922077922077
purnia,51,0.22077922077922077
satara,51,0.22077922077922077
munger,51,0.22077922077922077
south salmara mancachar,51,0.22077922077922077
mysuru,51,0.22077922077922077
bharuch,50,0.21645021645021645
begusarai,50,0.21645021645021645
bhojpur,50,0.21645021645021645
amritsar,49,0.21212121212121213
jammu,48,0.2077922077922078
north  parganas,48,0.2077922077922078
gopalganj,48,0.2077922077922078
fatehpur,48,0.2077922077922078
etawah,47,0.20346320346320346
jaunpur,47,0.20346320346320346
jalgaon,47,0.20346320346320346
jaipur,47,0.20346320346320346
supaul,47,0.20346320346320346
surat,47,0.20346320346320346
mirzapur,47,0.20346320346320346
jalandhar,46,0.19913419913419914
sultanpur,46,0.19913419913419914
south  parganas,46,0.19913419913419914
hardoi,46,0.19913419913419914
unnao,45,0.19480519480519481
madhepura,45,0.19480519480519481
siwan,45,0.19480519480519481
murshidabad,45,0.19480519480519481
jalna,45,0.19480519480519481
gurdaspur,45,0.19480519480519481
koraput,45,0.19480519480519481
vaishali,45,0.19480519480519481
shivamogga,44,0.19047619047619047
bhopal,44,0.19047619047619047
latur,44,0.19047619047619047
dharashiv,44,0.19047619047619047
kishanganj,44,0.19047619047619047
nalanda,44,0.19047619047619047
araria,43,0.18614718614718614
ahmednagar,43,0.18614718614718614
bareilly,43,0.18614718614718614
jodhpur,43,0.18614718614718614
hassan,43,0.18614718614718614
sheohar,42,0.18181818181818182
khammam,42,0.18181818181818182
muzaffarnagar,42,0.18181818181818182
gaya,42,0.18181818181818182
bathinda,42,0.18181818181818182
puri,42,0.18181818181818182
hoshiarpur,41,0.1774891774891775
ajmer,41,0.1774891774891775
poonch,41,0.1774891774891775
ferozepur,41,0.1774891774891775
rupnagar,41,0.1774891774891775
rajkot,41,0.1774891774891775
ghazipurr,40,0.17316017316017315
lahul and spiti,40,0.17316017316017315
gondia,40,0.17316017316017315
gadag,40,0.17316017316017315
kapurthala,40,0.17316017316017315
kanpur nagar nagar,40,0.17316017316017315
west godavari,40,0.17316017316017315
amreli,39,0.16883116883116883
agra,39,0.16883116883116883
bhavnagar,39,0.16883116883116883
udupi,39,0.16883116883116883
hyderabad,39,0.16883116883116883
dakshin dinajpur,39,0.16883116883116883
east godavari,39,0.16883116883116883
farrukhabad,39,0.16883116883116883
malda,39,0.16883116883116883
nawada,38,0.1645021645021645
valsad,38,0.1645021645021645
meerut,38,0.1645021645021645
charaideo,38,0.1645021645021645
shahjahanpur,38,0.1645021645021645
lohit,38,0.1645021645021645
ludhiana,38,0.1645021645021645
krishna,38,0.1645021645021645
alwar,38,0.1645021645021645
nadia,37,0.16017316017316016
udaipur,37,0.16017316017316016
buxar,37,0.16017316017316016
vadodara,37,0.16017316017316016
purba medinipur,37,0.16017316017316016
moradabad,37,0.16017316017316016
chamoli,37,0.16017316017316016
balrampur,37,0.16017316017316016
solapur,37,0.16017316017316016
kendujhar,37,0.16017316017316016
bijapur,36,0.15584415584415584
tumakuru,36,0.15584415584415584
saharanpur,36,0.15584415584415584
beedar,36,0.15584415584415584
sambalpur,36,0.15584415584415584
thanjavur,36,0.15584415584415584
ganjam,36,0.15584415584415584
chikkaballapura,36,0.15584415584415584
gangtok,36,0.15584415584415584
mathura,36,0.15584415584415584
bikaner,36,0.15584415584415584
lakhisarai,36,0.15584415584415584
anantnag,36,0.15584415584415584
surendranagar,35,0.15151515151515152
indore,35,0.15151515151515152
banka,35,0.15151515151515152
kalahandi,35,0.15151515151515152
budaun,35,0.15151515151515152
palghar,35,0.15151515151515152
pilibhit,35,0.15151515151515152
rae bareli,35,0.15151515151515152
west tripura,35,0.15151515151515152
purba purba medinipur,35,0.15151515151515152
mainpuri,34,0.1471861471861472
kaimur bhabua,34,0.1471861471861472
chitradurga,34,0.1471861471861472
etah,34,0.1471861471861472
kurnool,34,0.1471861471861472
guntur,34,0.1471861471861472
banda,34,0.1471861471861472
bulandshahr,33,0.14285714285714285
jehanabad,33,0.14285714285714285
cooch behar,33,0.14285714285714285
doda,33,0.14285714285714285
rohtas,33,0.14285714285714285
firozabad,33,0.14285714285714285
rajouri,33,0.14285714285714285
ambala,33,0.14285714285714285
amethi,33,0.14285714285714285
arwal,33,0.14285714285714285
gir somnath,33,0.14285714285714285
coimbatore,33,0.14285714285714285
kannauj,33,0.14285714285714285
jalaun,33,0.14285714285714285
prakasam,33,0.14285714285714285
sheikhpura,32,0.13852813852813853
sangrur,32,0.13852813852813853
sangli,32,0.13852813852813853
kandhamal,32,0.13852813852813853
jamnagar,32,0.13852813852813853
hingoli,32,0.13852813852813853
siddharthnagar,32,0.13852813852813853
ambedkar nagar,32,0.13852813852813853
kaushambi,32,0.13852813852813853
tawang,32,0.13852813852813853
davangere,32,0.13852813852813853
bhadrak,32,0.13852813852813853
pulwama,32,0.13852813852813853
ghaziabad,32,0.13852813852813853
rampur,32,0.13852813852813853
bargarh,32,0.13852813852813853
chhindwara,31,0.1341991341991342
pali,31,0.1341991341991342
dehradun,31,0.1341991341991342
hooghly,31,0.1341991341991342
faridkot,31,0.1341991341991342
sri potti sriramulu nellore,31,0.1341991341991342
kachchh,31,0.1341991341991342
baramulla,31,0.1341991341991342
sant kabir nagar,31,0.1341991341991342
jamui,31,0.1341991341991342
bijnor,31,0.1341991341991342
jabalpur,31,0.1341991341991342
mayurbhanj,31,0.1341991341991342
kendrapara,31,0.1341991341991342
aligarh,30,0.12987012987012986
sshrawasti,30,0.12987012987012986
bundi,30,0.12987012987012986
howrah,30,0.12987012987012986
sambhal,30,0.12987012987012986
bharatpur,30,0.12987012987012986
jhalawar,30,0.12987012987012986
cuddalore,30,0.12987012987012986
navsari,30,0.12987012987012986
mandya,30,0.12987012987012986
amroha,29,0.12554112554112554
north tripura,29,0.12554112554112554
auraiya,29,0.12554112554112554
khordha,29,0.12554112554112554
karimnagar,29,0.12554112554112554
kathua,29,0.12554112554112554
papum pare,29,0.12554112554112554
gautam buddha nagar,29,0.12554112554112554
tiruchirappalli,29,0.12554112554112554
chitrakoot,29,0.12554112554112554
sonbhadra,29,0.12554112554112554
udhampur,29,0.12554112554112554
mansa,29,0.12554112554112554
sonipat,29,0.12554112554112554
mau,29,0.12554112554112554
kolar,28,0.12121212121212122
dhenkanal,28,0.12121212121212122
baghpat,28,0.12121212121212122
devbhumi dwarka dwarka,28,0.12121212121212122
nizamabad,28,0.12121212121212122
porbandar,28,0.12121212121212122
fatehgarh sahib,28,0.12121212121212122
sabar kantha,28,0.12121212121212122
khargone khargone west nimar,28,0.12121212121212122
birbhum,28,0.12121212121212122
banswara,28,0.12121212121212122
kushinagar,28,0.12121212121212122
moga,28,0.12121212121212122
baran,27,0.11688311688311688
pithoragarh,27,0.11688311688311688
narmadapuram,27,0.11688311688311688
mumbai suburban,27,0.11688311688311688
nagapattinam,27,0.11688311688311688
dangs,27,0.11688311688311688
the nilgiris,27,0.11688311688311688
haveri,27,0.11688311688311688
shamli,27,0.11688311688311688
lalitpur,27,0.11688311688311688
kasganj,27,0.11688311688311688
hathras,26,0.11255411255411256
mahoba,26,0.11255411255411256
mahrajganj,26,0.11255411255411256
tehri garhwal,26,0.11255411255411256
tapi,26,0.11255411255411256
sas nagar,26,0.11255411255411256
ramban,26,0.11255411255411256
nayagarh,26,0.11255411255411256
new new delhi,26,0.11255411255411256
hapur,26,0.11255411255411256
srinagar,26,0.11255411255411256
botad,26,0.11255411255411256
kheda,26,0.11255411255411256
visakhapatnam,26,0.11255411255411256
raipur,26,0.11255411255411256
adilabad,25,0.10822510822510822
vidisha,25,0.10822510822510822
yamunanagar,25,0.10822510822510822
jajapur,25,0.10822510822510822
ujjain,25,0.10822510822510822
balaghat,25,0.10822510822510822
tonk,25,0.10822510822510822
narmada,25,0.10822510822510822
tiruvannamalai,25,0.10822510822510822
paschim purba medinipur,25,0.10822510822510822
morbi,25,0.10822510822510822
dhule,25,0.10822510822510822
dibang valley,25,0.10822510822510822
jhansi,25,0.10822510822510822
jind,25,0.10822510822510822
kurung kumey,25,0.10822510822510822
koppal,25,0.10822510822510822
panch mahals,25,0.10822510822510822
panchkula,25,0.10822510822510822
sawai madhopur,25,0.10822510822510822
chandauli,25,0.10822510822510822
bhilwara,25,0.10822510822510822
sagar,25,0.10822510822510822
south tripura,25,0.10822510822510822
uttar kashi kashi,25,0.10822510822510822
anugul,25,0.10822510822510822
viluppuram,25,0.10822510822510822
kishtwar,24,0.1038961038961039
upper lower subansiri,24,0.1038961038961039
karnal,24,0.1038961038961039
tarn taran,24,0.1038961038961039
sri sri muktsar sahib sahib,24,0.1038961038961039
barmer,24,0.1038961038961039
pathankot,24,0.1038961038961039
west karbi anglong,24,0.1038961038961039
west siang,24,0.1038961038961039
reasi,24,0.1038961038961039
fazilka,24,0.1038961038961039
ganganagar,24,0.1038961038961039
garhwal,24,0.1038961038961039
dholpur,24,0.1038961038961039
banas kantha,23,0.09956709956709957
sirohi,23,0.09956709956709957
kanniyakumariumari,23,0.09956709956709957
upper siang,23,0.09956709956709957
malkangiri,23,0.09956709956709957
barnala,23,0.09956709956709957
east kameng,23,0.09956709956709957
yadgir,23,0.09956709956709957
ganderbal,23,0.09956709956709957
gajapati,23,0.09956709956709957
sehore,23,0.09956709956709957
east siang,23,0.09956709956709957
dhalai,23,0.09956709956709957
bhadohi,23,0.09956709956709957
kupwara,23,0.09956709956709957
sundargarh,23,0.09956709956709957
betul,23,0.09956709956709957
changlang,23,0.09956709956709957
lower dibang valley,23,0.09956709956709957
budgam,23,0.09956709956709957
mahabubnagar,22,0.09523809523809523
shahid bhagat singh nagar,22,0.09523809523809523
srikakulam,22,0.09523809523809523
kra daadi,22,0.09523809523809523
ysr,22,0.09523809523809523
thiruvarur,22,0.09523809523809523
jagatsinghapur,22,0.09523809523809523
sirsa,22,0.09523809523809523
boudh,22,0.09523809523809523
chikkamagaluru,22,0.09523809523809523
seoni,22,0.09523809523809523
nandurbar,22,0.09523809523809523
dhar,22,0.09523809523809523
anjaw,21,0.09090909090909091
rayagada,21,0.09090909090909091
rohtak,21,0.09090909090909091
gwalior,21,0.09090909090909091
kurukshetra,21,0.09090909090909091
sikar,21,0.09090909090909091
madurai,21,0.09090909090909091
hisar,21,0.09090909090909091
lower lower subansiri,21,0.09090909090909091
unakoti,21,0.09090909090909091
bankura,21,0.09090909090909091
rewa,21,0.09090909090909091
mahesana,21,0.09090909090909091
jharsuguda,21,0.09090909090909091
longding,20,0.08658008658008658
khowai,20,0.08658008658008658
thiruvallur,20,0.08658008658008658
thoothukkudi,20,0.08658008658008658
tirunelveli,20,0.08658008658008658
bagalkotee,20,0.08658008658008658
nalgonda,20,0.08658008658008658
nagaur,20,0.08658008658008658
churu,20,0.08658008658008658
gandhinagar,20,0.08658008658008658
ranchi,20,0.08658008658008658
purba purba bardhaman,20,0.08658008658008658
rajgarh,20,0.08658008658008658
balangir,20,0.08658008658008658
itanagar,20,0.08658008658008658
bhiwani,20,0.08658008658008658
subarnapur,20,0.08658008658008658
siang,20,0.08658008658008658
jalore,20,0.08658008658008658
patan,20,0.08658008658008658
purulia,20,0.08658008658008658
deogarh,20,0.08658008658008658
almora,20,0.08658008658008658
panipat,20,0.08658008658008658
rudra prayag,19,0.08225108225108226
mancachar,19,0.08225108225108226
tirap,19,0.08225108225108226
aizawl,19,0.08225108225108226
faridabad,19,0.08225108225108226
east,19,0.08225108225108226
damoh,19,0.08225108225108226
gomati,19,0.08225108225108226
gyalshing,19,0.08225108225108226
dindigul,19,0.08225108225108226
nuapada,19,0.08225108225108226
burhanpur,19,0.08225108225108226
jaisalmer,19,0.08225108225108226
chandigarh,19,0.08225108225108226
mandsaur,19,0.08225108225108226
guna,19,0.08225108225108226
chittoor,19,0.08225108225108226
medak,19,0.08225108225108226
mangan,19,0.08225108225108226
north,19,0.08225108225108226
sepahijala,19,0.08225108225108226
west garo hills,18,0.07792207792207792
morena,18,0.07792207792207792
bandipora,18,0.07792207792207792
krishnagiri,18,0.07792207792207792
south goa,18,0.07792207792207792
vellore,18,0.07792207792207792
kamle,18,0.07792207792207792
raisen,18,0.07792207792207792
pudukkottai,18,0.07792207792207792
nainital,18,0.07792207792207792
namchi,18,0.07792207792207792
namsai,18,0.07792207792207792
north goa,18,0.07792207792207792
chhatarpur,17,0.0735930735930736
shopian,17,0.0735930735930736
lower siang,17,0.0735930735930736
kulgam,17,0.0735930735930736
maldah,17,0.0735930735930736
erode,17,0.0735930735930736
vizianagaram,17,0.0735930735930736
shi yomi,17,0.0735930735930736
samba,17,0.0735930735930736
north west,16,0.06926406926406926
north east,16,0.06926406926406926
dewas,16,0.06926406926406926
west,16,0.06926406926406926
anand,16,0.06926406926406926
central,16,0.06926406926406926
barwani,16,0.06926406926406926
bhind,16,0.06926406926406926
south west,16,0.06926406926406926
ananthapuramuamu,16,0.06926406926406926
east khasi hills,16,0.06926406926406926
salem,16,0.06926406926406926
gurugram,16,0.06926406926406926
kancheepuram,15,0.06493506493506493
dharmapuri,15,0.06493506493506493
perambalur,15,0.06493506493506493
arvalli,15,0.06493506493506493
pakke kessang,15,0.06493506493506493
dungarpur,15,0.06493506493506493
ramanathapuram,15,0.06493506493506493
ratlam,15,0.06493506493506493
dausa,15,0.06493506493506493
fatehabad,15,0.06493506493506493
harda,15,0.06493506493506493
mandla,15,0.06493506493506493
shahdara,15,0.06493506493506493
hazaribagh,15,0.06493506493506493
leparada,15,0.06493506493506493
south east,15,0.06493506493506493
south,15,0.06493506493506493
jhabua,15,0.06493506493506493
kaithal,14,0.06060606060606061
theni,14,0.06060606060606061
mahisagar,14,0.06060606060606061
shivpuri,14,0.06060606060606061
virudhunagar,14,0.06060606060606061
ariyalur,14,0.06060606060606061
vijayapura,14,0.06060606060606061
chittorgarh,14,0.06060606060606061
alirajpur,14,0.06060606060606061
dahod,14,0.06060606060606061
rajsamand,14,0.06060606060606061
ramanagara,14,0.06060606060606061
chota udaipur,14,0.06060606060606061
rewari,14,0.06060606060606061
satna,14,0.06060606060606061
durg,13,0.05627705627705628
muzaffarabad,13,0.05627705627705628
dindori,13,0.05627705627705628
narsimhapur,13,0.05627705627705628
shahdol,13,0.05627705627705628
namakkal,13,0.05627705627705628
tiruppur,13,0.05627705627705628
chengalpattu,13,0.05627705627705628
tikamgarh,13,0.05627705627705628
karauli,13,0.05627705627705628
umaria,13,0.05627705627705628
ashoknagar,13,0.05627705627705628
karur,13,0.05627705627705628
rajnandgaon,13,0.05627705627705628
mirpur,13,0.05627705627705628
shajapur,13,0.05627705627705628
ranga reddy,13,0.05627705627705628
katni,12,0.05194805194805195
jhunjhunu,12,0.05194805194805195
imphal west,12,0.05194805194805195
imphal east,12,0.05194805194805195
datia,12,0.05194805194805195
hanumangarh,12,0.05194805194805195
new delhi,12,0.05194805194805195
bageshwar,12,0.05194805194805195
jhajjar,12,0.05194805194805195
neemuch,12,0.05194805194805195
nuh,11,0.047619047619047616
agarmalwa,11,0.047619047619047616
palwal,11,0.047619047619047616
charki dadri,11,0.047619047619047616
mahendragarh,11,0.047619047619047616
ri bhoi,11,0.047619047619047616
sheopur,11,0.047619047619047616
west khasi hills,11,0.047619047619047616
east nimar,11,0.047619047619047616
panna,11,0.047619047619047616
uttar kashi dinajpur,10,0.04329004329004329
anuppur,10,0.04329004329004329
sangareddy,10,0.04329004329004329
champhai,10,0.04329004329004329
kohima,10,0.04329004329004329
kallakurichi,10,0.04329004329004329
bastar,10,0.04329004329004329
singrauli,10,0.04329004329004329
purba bardhaman,10,0.04329004329004329
chamarajanagaraa,9,0.03896103896103896
udam singh nagar,9,0.03896103896103896
thoubal,9,0.03896103896103896
haridwar,9,0.03896103896103896
many parts,9,0.03896103896103896
east garo hills,9,0.03896103896103896
palamu,9,0.03896103896103896
vikarabad,8,0.03463203463203463
niwari,8,0.03463203463203463
ranipet,8,0.03463203463203463
chatra,8,0.03463203463203463
champawat,8,0.03463203463203463
sidhi,8,0.03463203463203463
lunglei,8,0.03463203463203463
sivaganga,8,0.03463203463203463
kargil,8,0.03463203463203463
south west garo hills,7,0.030303030303030304
serchhip,7,0.030303030303030304
ramgarh,7,0.030303030303030304
garhwa,7,0.030303030303030304
narayanpet,7,0.030303030303030304
mamit,7,0.030303030303030304
tamenglong,7,0.030303030303030304
tirupathur,7,0.030303030303030304
tenkasi,7,0.030303030303030304
south garo hills,7,0.030303030303030304
lawngtlai,7,0.030303030303030304
jayashankar bhupalapally,7,0.030303030303030304
siaha,6,0.025974025974025976
sahebganj,6,0.025974025974025976
north garo hills,6,0.025974025974025976
mangalore,6,0.025974025974025976
godda,6,0.025974025974025976
north westduar,6,0.025974025974025976
pondicherry,6,0.025974025974025976
east uttar kashi pradesh,6,0.025974025974025976
paschim purba bardhaman,6,0.025974025974025976
bokaro,6,0.025974025974025976
chamarajanagaraa chikkaballapura,6,0.025974025974025976
bishnupur,6,0.025974025974025976
manali,6,0.025974025974025976
bhadradri kothagudem,6,0.025974025974025976
kanpur nagar,6,0.025974025974025976
kolasib,6,0.025974025974025976
mahabubabad,6,0.025974025974025976
kashmir valley,6,0.025974025974025976
some parts,6,0.025974025974025976
surguja,6,0.025974025974025976
uttar kashi bastar kanker,5,0.021645021645021644
siddipet,5,0.021645021645021644
lohardaga,5,0.021645021645021644
south west khasi hills,5,0.021645021645021644
janjgirchampa,5,0.021645021645021644
leh ladakh,5,0.021645021645021644
jiribam,5,0.021645021645021644
east east jaintia hills,5,0.021645021645021644
purbi west singhbhum,5,0.021645021645021644
gumla,5,0.021645021645021644
noney,5,0.021645021645021644
most of the districts,5,0.021645021645021644
mulugu,5,0.021645021645021644
west east jaintia hills,5,0.021645021645021644
khunti,5,0.021645021645021644
kumuram bheem asifabad,5,0.021645021645021644
bagalkotee belagavi,5,0.021645021645021644
deoghar,4,0.017316017316017316
rajanna sircilla,4,0.017316017316017316
raigad,4,0.017316017316017316
pherzawl,4,0.017316017316017316
goa,4,0.017316017316017316
churachandpur,4,0.017316017316017316
meghalaya,4,0.017316017316017316
giridih,4,0.017316017316017316
districts,4,0.017316017316017316
senapati,4,0.017316017316017316
himachal pradesh,4,0.017316017316017316
medchal malkajgiri,4,0.017316017316017316
sikkim,4,0.017316017316017316
chandel,4,0.017316017316017316
mahasamund,4,0.017316017316017316
kangpokpi,4,0.017316017316017316
jogulamba gadwal,4,0.017316017316017316
north bengal,4,0.017316017316017316
pashchimi west singhbhum,4,0.017316017316017316
dumka,4,0.017316017316017316
bhadradri bhadradri kothagudem bhadradri kothagudem,4,0.017316017316017316
ukhrul,4,0.017316017316017316
kanniyakumari,4,0.017316017316017316
kalimpong,4,0.017316017316017316
kakching,4,0.017316017316017316
tengnoupal,4,0.017316017316017316
kamjong,4,0.017316017316017316
uttar pradesh,3,0.012987012987012988
kamareddy,3,0.012987012987012988
bagalkotee bengaluru urban,3,0.012987012987012988
korba,3,0.012987012987012988
bagalkote,3,0.012987012987012988
uttar kashiakhand,3,0.012987012987012988
suryapet,3,0.012987012987012988
mancherial,3,0.012987012987012988
jaloree,3,0.012987012987012988
wanaparthy,3,0.012987012987012988
peddapalli,3,0.012987012987012988
pak,3,0.012987012987012988
pakur,3,0.012987012987012988
yadadri yadadri bhuvanagiri yadadri bhuvanagiri,3,0.012987012987012988
east jaintia hills,3,0.012987012987012988
jamtara,3,0.012987012987012988
jagdalpur,3,0.012987012987012988
nabarangpur,3,0.012987012987012988
nirmal,3,0.012987012987012988
dhamtari,3,0.012987012987012988
dhanbad,3,0.012987012987012988
nagarkurnool,3,0.012987012987012988
peren,3,0.012987012987012988
dimapur,3,0.012987012987012988
many districts of uttar kashi pradesh,2,0.008658008658008658
mungeli,2,0.008658008658008658
many districts of tamil nadu,2,0.008658008658008658
marathwada,2,0.008658008658008658
saraikela kharsawan,2,0.008658008658008658
many  the state,2,0.008658008658008658
west bengal,2,0.008658008658008658
dadra and nagar haveli,2,0.008658008658008658
dakshin bastar dantewada,2,0.008658008658008658
narayanpur,2,0.008658008658008658
phek,2,0.008658008658008658
northern parts,2,0.008658008658008658
districts of assam,2,0.008658008658008658
east  west godavari,2,0.008658008658008658
ananthapuramu,2,0.008658008658008658
yadadri bhuvanagiri,2,0.008658008658008658
wokha,2,0.008658008658008658
zunheboto,2,0.008658008658008658
uttar kashi,2,0.008658008658008658
kashmir,2,0.008658008658008658
kiphire,2,0.008658008658008658
bemetara,2,0.008658008658008658
koderma,2,0.008658008658008658
karaikal,2,0.008658008658008658
karnataka,2,0.008658008658008658
siliguri,2,0.008658008658008658
southern parts,2,0.008658008658008658
kabeerdham,2,0.008658008658008658
jangoan,2,0.008658008658008658
tripura,2,0.008658008658008658
simdega,2,0.008658008658008658
jagitial,2,0.008658008658008658
silchar,2,0.008658008658008658
neighbourhood,2,0.008658008658008658
north and middle andaman,2,0.008658008658008658
chamarajanagaraa hassan,2,0.008658008658008658
latehar,2,0.008658008658008658
maharashtra,2,0.008658008658008658
few districts,1,0.004329004329004329
nagarkoil,1,0.004329004329004329
coastal districts of andhra pradesh,1,0.004329004329004329
ghat area,1,0.004329004329004329
rural,1,0.004329004329004329
gadchiroli yavotmal,1,0.004329004329004329
nagaland,1,0.004329004329004329
ramagiri,1,0.004329004329004329
mokokchung,1,0.004329004329004329
mon,1,0.004329004329004329
greater kolkata area,1,0.004329004329004329
orissa,1,0.004329004329004329
out of  districts,1,0.004329004329004329
east  west purba purba medinipur,1,0.004329004329004329
ntr,1,0.004329004329004329
palnadu,1,0.004329004329004329
north westdusar,1,0.004329004329004329
paschim medinipur,1,0.004329004329004329
districts of cauvery delta zone,1,0.004329004329004329
yadadri yadadri bhuvanagiri,1,0.004329004329004329
west singhbhum,1,0.004329004329004329
akharpur,1,0.004329004329004329
west madhya pradesh,1,0.004329004329004329
andhra pradesh,1,0.004329004329004329
yanam,1,0.004329004329004329
districts of orissa,1,0.004329004329004329
districts of rajasthan,1,0.004329004329004329
east west singhbhum,1,0.004329004329004329
entire village,1,0.004329004329004329
ernakulam ant thiruvananthapuram,1,0.004329004329004329
ernakulam kannur,1,0.004329004329004329
districts of cauvery delta,1,0.004329004329004329
rajasthan,1,0.004329004329004329
palampur,1,0.004329004329004329
different  jammu,1,0.004329004329004329
ghazipur,1,0.004329004329004329
most parts,1,0.004329004329004329
rugi,1,0.004329004329004329
darjeelingm,1,0.004329004329004329
most upper lower subansiri,1,0.004329004329004329
mudigere,1,0.004329004329004329
devbhumi dwarka,1,0.004329004329004329
neighborhood,1,0.004329004329004329
hilly areas,1,0.004329004329004329
heavy rains hazaribagh,1,0.004329004329004329
many  tamil nadu,1,0.004329004329004329
many districts of south bengal,1,0.004329004329004329
shrawasti,1,0.004329004329004329
several other district andhra pradesh,1,0.004329004329004329
mangalbari,1,0.004329004329004329
mumbai colaba,1,0.004329004329004329
santal pargan,1,0.004329004329004329
chumanung,1,0.004329004329004329
chikodi,1,0.004329004329004329
chhatisgarh,1,0.004329004329004329
hyderabad   telangana,1,0.004329004329004329
south salmara mancachar  mankachar,1,0.004329004329004329
south gujarat,1,0.004329004329004329
south kashmir,1,0.004329004329004329
malikkeri,1,0.004329004329004329
longleng,1,0.004329004329004329
lower subansiri,1,0.004329004329004329
sivasagar amd sonitpur,1,0.004329004329004329
some districts of punjab,1,0.004329004329004329
mahe,1,0.004329004329004329
chamarajanagaraa davangere,1,0.004329004329004329
chamarajanagaraa gadag,1,0.004329004329004329
chamarajanagara,1,0.004329004329004329
central part of uttar kashi pradesh,1,0.004329004329004329
chamarajanagaraa  kalaburagi,1,0.004329004329004329
south assam,1,0.004329004329004329
chamarajanagaraa chitradurga,1,0.004329004329004329
bijapur surendranagar,1,0.004329004329004329
south salmara mancachar mankachar,1,0.004329004329004329
bhubaneshwar,1,0.004329004329004329
jawad,1,0.004329004329004329
jashpur,1,0.004329004329004329
sshrawasti   east up,1,0.004329004329004329
sri muktsar sahib,1,0.004329004329004329
sukma,1,0.004329004329004329
suburbans,1,0.004329004329004329
lahul  spitti,1,0.004329004329004329
south andamans,1,0.004329004329004329
bhandara chandrapur,1,0.004329004329004329
bhadradri bhadradri kothagudem kothagudem,1,0.004329004329004329
bhadradri bhadradri kothagudem,1,0.004329004329004329
telangana,1,0.004329004329004329
the dangs,1,0.004329004329004329
jharkhand,1,0.004329004329004329
jhelum,1,0.004329004329004329
jhunjhunun,1,0.004329004329004329
khurja,1,0.004329004329004329
korea,1,0.004329004329004329
kollam kozhikode,1,0.004329004329004329
kochi,1,0.004329004329004329
balod,1,0.004329004329004329
udaiur,1,0.004329004329004329
tuensang,1,0.004329004329004329
kokrajhar darrang,1,0.004329004329004329
kanpur nagardehat,1,0.004329004329004329
balodabazarbhatapara,1,0.004329004329004329
bagalkotee ballari,1,0.004329004329004329
bagalkotee udupi,1,0.004329004329004329
bagalkoteebijapur,1,0.004329004329004329
urban,1,0.004329004329004329
uttar kashia,1,0.004329004329004329
various  nagaland,1,0.004329004329004329
