district,flood_count,flood_risk_freq,flood_risk_area,flood_risk
lakhimpur,218.0,0.9437229437229436,0.6116645803996158,0.7777
karimganj,107.0,0.4632034632034632,0.9536360244857692,0.7084
nagaon,178.0,0.7705627705627706,0.5680945775062407,0.6693
dhemaji,202.0,0.8744588744588745,0.3973235301081141,0.6359
sivasagar,129.0,0.5584415584415584,0.7001258665678676,0.6293
darrang,157.0,0.6796536796536796,0.4995948127090999,0.5896
dibrugarh,155.0,0.670995670995671,0.5043565180255691,0.5877
barpeta,165.0,0.7142857142857143,0.4439888430495455,0.5791
kamrup,181.0,0.7835497835497836,0.3624938922375352,0.573
goalpara,141.0,0.6103896103896104,0.5337007172323538,0.572
patna,71.0,0.3073593073593073,0.7967435775734439,0.5521
hailakandi,85.0,0.3679653679653679,0.7340556021515969,0.551
begusarai,50.0,0.2164502164502164,0.8805258989196723,0.5485
golaghat,132.0,0.5714285714285714,0.4906862231872261,0.5311
arwal,33.0,0.1428571428571428,0.9176350862439784,0.5302
cachar,154.0,0.6666666666666666,0.3908910499061182,0.5288
thoubal,9.0,0.0389610389610389,0.9992597610990004,0.5191
alappuzha,113.0,0.4891774891774891,0.52520770132549,0.5072
thiruvananthapuram,231.0,1.0,0.0099784283187787,0.505
unokoti,0.0,0.0,1.0,0.5
howrah,30.0,0.1298701298701298,0.8282609207363525,0.4791
south salmara mancachar,51.0,0.2207792207792207,0.7286044937508122,0.4747
dhubri,123.0,0.5324675324675324,0.390799937487067,0.4616
nalanda,44.0,0.1904761904761904,0.7301999211032223,0.4603
sonitpur,161.0,0.696969696969697,0.2199824812182762,0.4585
kendrapara,31.0,0.1341991341991342,0.774714026866961,0.4545
vaishali,45.0,0.1948051948051948,0.7140913629667629,0.4544
jorhat,136.0,0.5887445887445888,0.2817127266009523,0.4352
nalbari,136.0,0.5887445887445888,0.2789170191090037,0.4338
samastipur,57.0,0.2467532467532467,0.6085423924015123,0.4276
ballia,65.0,0.2813852813852814,0.5630392039502946,0.4222
charaideo,38.0,0.1645021645021645,0.6791609855205226,0.4218
purba medinipur,37.0,0.1601731601731601,0.6551900458614428,0.4077
bhagalpur,54.0,0.2337662337662337,0.5812336443256032,0.4075
munger,51.0,0.2207792207792207,0.5815918394742273,0.4012
nagpur,177.0,0.7662337662337663,0.0168598123110778,0.3915
muzaffarpur,63.0,0.2727272727272727,0.4977946302661594,0.3853
katihar,65.0,0.2813852813852814,0.4831143848416365,0.3822
baksa,139.0,0.6017316017316018,0.1579915364545919,0.3799
saran,52.0,0.2251082251082251,0.5242932861250275,0.3747
mumbai,173.0,0.7489177489177489,4.233367408748389e-05,0.3745
cuttack,58.0,0.2510822510822511,0.4872384165516528,0.3692
bongaigaon,89.0,0.3852813852813853,0.3508584492987089,0.3681
khagaria,53.0,0.2294372294372294,0.4913768890812513,0.3604
darbhanga,67.0,0.29004329004329,0.4257251094310232,0.3579
warangal,164.0,0.70995670995671,0.0,0.355
siddharthnagar,32.0,0.1385281385281385,0.5665464926062087,0.3525
gorakhpur,64.0,0.277056277056277,0.4272195750836505,0.3521
majuli,75.0,0.3246753246753247,0.3488903403425287,0.3368
lakhisarai,36.0,0.1558441558441558,0.5117926908994803,0.3338
wayanad,149.0,0.645021645021645,0.0194810936933019,0.3323
hamirpur,117.0,0.5064935064935064,0.1411753185529674,0.3238
murshidabad,45.0,0.1948051948051948,0.4404608422823838,0.3176
kasganj,27.0,0.1168831168831168,0.4863132757237003,0.3016
pune,139.0,0.6017316017316018,0.0005106678851666,0.3011
baleshwar,53.0,0.2294372294372294,0.3710651000262109,0.3003
jajapur,25.0,0.1082251082251082,0.4888313741649259,0.2985
saharsa,55.0,0.238095238095238,0.347020662344353,0.2926
marigaon,135.0,0.5844155844155844,0.0,0.2922
prayagraj,56.0,0.2424242424242424,0.339829614593478,0.2911
nadia,37.0,0.1601731601731601,0.4202344404151529,0.2902
thrissur,91.0,0.3939393939393939,0.1852038896891107,0.2896
jehanabad,33.0,0.1428571428571428,0.4351560881505812,0.289
kishanganj,44.0,0.1904761904761904,0.3873108055201643,0.2889
morigaon,0.0,0.0,0.571047799194521,0.2855
deoria,56.0,0.2424242424242424,0.3257490899037738,0.2841
bhadohi,23.0,0.0995670995670995,0.4660941949354356,0.2828
etawah,47.0,0.2034632034632034,0.3598921215404925,0.2817
sheohar,42.0,0.1818181818181818,0.3810999924914257,0.2815
kamrup metropolitan,0.0,0.0,0.5580227814910232,0.279
shahid bhagat singh nagar,22.0,0.0952380952380952,0.4616816012583921,0.2785
hojai,77.0,0.3333333333333333,0.2182148790965092,0.2758
imphal east,12.0,0.0519480519480519,0.4992284581926103,0.2756
pashchim champaran,64.0,0.277056277056277,0.2692795552538466,0.2732
kheri,58.0,0.2510822510822511,0.2938011602530511,0.2724
tinsukia,78.0,0.3376623376623376,0.2066504657536638,0.2722
guntur,34.0,0.1471861471861472,0.3912796340645178,0.2692
gurdaspur,45.0,0.1948051948051948,0.3382633619130454,0.2665
hooghly,31.0,0.1341991341991342,0.3977525157951787,0.266
chirang,95.0,0.4112554112554112,0.1208155325265772,0.266
kozhikode,113.0,0.4891774891774891,0.0339169277383923,0.2615
shimla,113.0,0.4891774891774891,0.0311497886173598,0.2602
rupnagar,41.0,0.1774891774891775,0.3411909836587313,0.2593
supaul,47.0,0.2034632034632034,0.3110768356982675,0.2573
biswanath,87.0,0.3766233766233766,0.1335908463105858,0.2551
sirsa,22.0,0.0952380952380952,0.4146579182037866,0.2549
kottayam,102.0,0.4415584415584415,0.0643781273878806,0.253
idukki,116.0,0.5021645021645021,0.0001986868728903,0.2512
bhadrak,32.0,0.1385281385281385,0.3557782457330894,0.2472
kannur,91.0,0.3939393939393939,0.0998016440484472,0.2469
malappuram,97.0,0.4199134199134199,0.0710569954379553,0.2455
purnia,51.0,0.2207792207792207,0.2675824860285525,0.2442
azamgarh,52.0,0.2251082251082251,0.2545077793241616,0.2398
nagapattinam,27.0,0.1168831168831168,0.3585564871231803,0.2377
north twenty four pargan,0.0,0.0,0.4752190839061304,0.2376
siwan,45.0,0.1948051948051948,0.2797298069146555,0.2373
thane,97.0,0.4199134199134199,0.0530705106963375,0.2365
maldah,17.0,0.0735930735930736,0.3961165088168711,0.2349
fatehabad,15.0,0.0649350649350649,0.4040313794081897,0.2345
bahraich,72.0,0.3116883116883117,0.1557826586243713,0.2337
cooch behar,33.0,0.1428571428571428,0.3175631587111303,0.2302
araria,43.0,0.1861471861471861,0.270913244301117,0.2285
sitamarhi,60.0,0.2597402597402597,0.1955675952389249,0.2277
fatehpur,48.0,0.2077922077922078,0.2411626607800548,0.2245
madhubani,67.0,0.29004329004329,0.1586182591767508,0.2243
aurangabad,91.0,0.3939393939393939,0.0542480668651365,0.2241
bhojpur,50.0,0.2164502164502164,0.2280437373630684,0.2222
udalguri,72.0,0.3116883116883117,0.1327449554914547,0.2222
chandauli,25.0,0.1082251082251082,0.3340472253163,0.2211
sitapur,69.0,0.2987012987012987,0.1428874988648947,0.2208
kangra,101.0,0.4372294372294372,0.0032809053985105,0.2203
gopalganj,48.0,0.2077922077922078,0.2314626994859979,0.2196
west kameng,83.0,0.3593073593073593,0.0799291280287482,0.2196
basti,56.0,0.2424242424242424,0.19626000921211,0.2193
patiala,53.0,0.2294372294372294,0.2075217252895551,0.2185
kamrup metro,100.0,0.4329004329004329,0.0,0.2165
farrukhabad,39.0,0.1688311688311688,0.2631067897968872,0.216
jalpaiguri,55.0,0.238095238095238,0.1933702203647859,0.2157
surat,47.0,0.2034632034632034,0.2258398780055208,0.2147
gonda,71.0,0.3073593073593073,0.1214474751867596,0.2144
jalandhar,46.0,0.1991341991341991,0.2295821642876679,0.2144
bara banki,71.0,0.3073593073593073,0.1213074900846037,0.2143
kokrajhar,74.0,0.3203463203463203,0.1065603296308756,0.2135
kullu,96.0,0.4155844155844156,0.009161442422263,0.2124
thanjavur,36.0,0.1558441558441558,0.2651049986670499,0.2105
ernakulam,84.0,0.3636363636363636,0.0533545773486667,0.2085
dima hasao,80.0,0.3463203463203463,0.0701412562981411,0.2082
mandi,89.0,0.3852813852813853,0.0311751181755889,0.2082
banda,34.0,0.1471861471861472,0.2672805735424482,0.2072
kollam,95.0,0.4112554112554112,0.0003040176064003,0.2058
auraiya,29.0,0.1255411255411255,0.2820540586467633,0.2038
purba bardhaman,10.0,0.0432900432900432,0.3617207679174885,0.2025
south twenty four pargan,0.0,0.0,0.403267158891434,0.2016
chennai,58.0,0.2510822510822511,0.1512487125325867,0.2012
karbi anglong,74.0,0.3203463203463203,0.0780315898998992,0.1992
purba champaran,0.0,0.0,0.3974036558286905,0.1987
varanasi,55.0,0.238095238095238,0.1573116483429866,0.1977
kolkata,73.0,0.316017316017316,0.0783431476190383,0.1972
sant kabir nagar,31.0,0.1341991341991342,0.2538301263815088,0.194
kasaragod,67.0,0.29004329004329,0.097527017901579,0.1938
buxar,37.0,0.1601731601731601,0.2239318251125799,0.1921
hardoi,46.0,0.1991341991341991,0.1840043471692967,0.1916
sultanpur,46.0,0.1991341991341991,0.1840366543544243,0.1916
jaunpur,47.0,0.2034632034632034,0.1796358169150746,0.1915
ganganagar,24.0,0.1038961038961039,0.2791902733077379,0.1915
palakkad,70.0,0.303030303030303,0.0798197957166999,0.1914
bengaluru rural,87.0,0.3766233766233766,0.0051029833023404,0.1909
cuddalore,30.0,0.1298701298701298,0.2485740263223738,0.1892
central,16.0,0.0692640692640692,0.3069411478270628,0.1881
amravati,80.0,0.3463203463203463,0.0288010372338799,0.1876
faridabad,19.0,0.0822510822510822,0.2925734721474557,0.1874
nashik,86.0,0.3722943722943723,0.0004010847891853,0.1863
rae bareli,35.0,0.1515151515151515,0.2195518705580068,0.1855
dakshina kannada,75.0,0.3246753246753247,0.0434549149545984,0.1841
ludhiana,38.0,0.1645021645021645,0.2023260958237525,0.1834
pathanamthitta,75.0,0.3246753246753247,0.0419832647555058,0.1833
shahjahanpur,38.0,0.1645021645021645,0.2013755217627141,0.1829
bareilly,43.0,0.1861471861471861,0.1765352077652618,0.1813
madhepura,45.0,0.1948051948051948,0.1654296801667878,0.1801
kaushambi,32.0,0.1385281385281385,0.2210830678017684,0.1798
mathura,36.0,0.1558441558441558,0.2035166231607131,0.1797
ghazipur,1.0,0.0043290043290043,0.3547515300885916,0.1795
bathinda,42.0,0.1818181818181818,0.1720764712415639,0.1769
parbhani,52.0,0.2251082251082251,0.1261861811527655,0.1756
yamunanagar,25.0,0.1082251082251082,0.2426401007690482,0.1754
jalaun,33.0,0.1428571428571428,0.2033766116000903,0.1731
unnao,45.0,0.1948051948051948,0.1486920025520677,0.1717
pratapgarh,61.0,0.264069264069264,0.0793793975826775,0.1717
firozpur,0.0,0.0,0.3423139961001244,0.1712
tarn taran,24.0,0.1038961038961039,0.2373147299881466,0.1706
agra,39.0,0.1688311688311688,0.1706645922009388,0.1697
bulandshahr,33.0,0.1428571428571428,0.1948728505499714,0.1689
washim,78.0,0.3376623376623376,3.107282356174249e-06,0.1688
nanded,66.0,0.2857142857142857,0.0486993273563859,0.1672
dakshin dinajpur,39.0,0.1688311688311688,0.1629158356120412,0.1659
medinipur west,0.0,0.0,0.3307328664248737,0.1654
bilaspur,62.0,0.2683982683982684,0.0622129230461792,0.1653
wardha,70.0,0.303030303030303,0.0272873400434807,0.1652
shrawasti,1.0,0.0043290043290043,0.3256592838979857,0.165
rampur,32.0,0.1385281385281385,0.191175081633271,0.1649
chamba,74.0,0.3203463203463203,0.008823867478756,0.1646
chandrapur,64.0,0.277056277056277,0.0518536905436173,0.1645
gaya,42.0,0.1818181818181818,0.1469202592780575,0.1644
bhandara,58.0,0.2510822510822511,0.0771040395311136,0.1641
porbandar,28.0,0.1212121212121212,0.2059915428655843,0.1636
east godavari,39.0,0.1688311688311688,0.1567482773507077,0.1628
kurukshetra,21.0,0.0909090909090909,0.2328861165772152,0.1619
gautam buddha nagar,29.0,0.1255411255411255,0.1976317394553464,0.1616
west godavari,40.0,0.1731601731601731,0.1498290206241789,0.1615
ambala,33.0,0.1428571428571428,0.1799611391753812,0.1614
moradabad,37.0,0.1601731601731601,0.1625052773370217,0.1613
faridkot,31.0,0.1341991341991342,0.1880226617675187,0.1611
kota,51.0,0.2207792207792207,0.1007388846931616,0.1608
gadchiroli,58.0,0.2510822510822511,0.0703988498361338,0.1607
firozabad,33.0,0.1428571428571428,0.1784916454471772,0.1607
amritsar,49.0,0.2121212121212121,0.1082980634878296,0.1602
akola,68.0,0.2943722943722944,0.025630227209604,0.16
mau,29.0,0.1255411255411255,0.192452277001842,0.159
mirzapur,47.0,0.2034632034632034,0.1136742932841988,0.1586
yavatmal,73.0,0.316017316017316,8.259406270638966e-05,0.158
kapurthala,40.0,0.1731601731601731,0.1427997188580031,0.158
budaun,35.0,0.1515151515151515,0.1632609656543627,0.1574
sirmaur,63.0,0.2727272727272727,0.041396473955974,0.1571
belagavi,65.0,0.2813852813852814,0.0303129318195105,0.1558
birbhum,28.0,0.1212121212121212,0.1897929923710625,0.1555
lucknow,52.0,0.2251082251082251,0.0842125130737158,0.1547
darjeeling,71.0,0.3073593073593073,0.0,0.1537
uttar kashia kannada,71.0,0.3073593073593073,0.0,0.1537
rohtas,33.0,0.1428571428571428,0.1639506958923302,0.1534
ratnagiri,65.0,0.2813852813852814,0.0243530098275885,0.1529
fazilka,24.0,0.1038961038961039,0.2007476912139614,0.1523
baghpat,28.0,0.1212121212121212,0.1821227604903241,0.1517
meerut,38.0,0.1645021645021645,0.1387046001139762,0.1516
nayagarh,26.0,0.1125541125541125,0.1882914002467851,0.1504
kushinagar,28.0,0.1212121212121212,0.1781586809656163,0.1497
anand,16.0,0.0692640692640692,0.2287585834595193,0.149
solan,66.0,0.2857142857142857,0.0118816357985871,0.1488
kannauj,33.0,0.1428571428571428,0.1527814995703756,0.1478
purbi champaran,68.0,0.2943722943722944,0.0,0.1472
west,16.0,0.0692640692640692,0.2249141517469456,0.1471
bharuch,50.0,0.2164502164502164,0.0770662635713726,0.1468
kodagu,61.0,0.264069264069264,0.0271373954240365,0.1456
vadodara,37.0,0.1601731601731601,0.1288486046043937,0.1445
raichur,58.0,0.2510822510822511,0.0364075696569825,0.1437
sheikhpura,32.0,0.1385281385281385,0.1484035803280793,0.1435
ambedkar nagar,32.0,0.1385281385281385,0.1465882866291713,0.1426
amroha,29.0,0.1255411255411255,0.1586642214284933,0.1421
uttar dinajpur,0.0,0.0,0.2822183477769702,0.1411
bijnor,31.0,0.1341991341991342,0.1476428927151622,0.1409
kinnaur,59.0,0.2554112554112554,0.0228428807202056,0.1391
mainpuri,34.0,0.1471861471861472,0.1288222834674912,0.138
junagadh,52.0,0.2251082251082251,0.0504809519152894,0.1378
jammu,48.0,0.2077922077922078,0.0672859814837543,0.1375
ballari,58.0,0.2510822510822511,0.0232250469435327,0.1372
hisar,21.0,0.0909090909090909,0.1795089145723104,0.1352
saharanpur,36.0,0.1558441558441558,0.113671053328506,0.1348
kolhapur,54.0,0.2337662337662337,0.0335512874735093,0.1337
sindhudurg,54.0,0.2337662337662337,0.0328541132199549,0.1333
balrampur,37.0,0.1601731601731601,0.106205609071629,0.1332
ganjam,36.0,0.1558441558441558,0.1098708853187651,0.1329
pulwama,32.0,0.1385281385281385,0.1266485299506228,0.1326
kachchh,31.0,0.1341991341991342,0.1307547543503918,0.1325
amethi,33.0,0.1428571428571428,0.1215071917772848,0.1322
buldhana,61.0,0.264069264069264,0.0,0.132
beed,60.0,0.2597402597402597,0.0,0.1299
kaimur bhabua,34.0,0.1471861471861472,0.1103755227054821,0.1288
lohit,38.0,0.1645021645021645,0.0909134715729979,0.1277
dharwad,56.0,0.2424242424242424,0.0119855338378631,0.1272
pilibhit,35.0,0.1515151515151515,0.1029750950933917,0.1272
kalaburagi,53.0,0.2294372294372294,0.0238250064395569,0.1266
mahrajganj,26.0,0.1125541125541125,0.1377372898237653,0.1251
raigarh,53.0,0.2294372294372294,0.0183650440832328,0.1239
ayodhya,57.0,0.2467532467532467,0.0,0.1234
jalgaon,47.0,0.2034632034632034,0.0431287373449729,0.1233
karnal,24.0,0.1038961038961039,0.1417652691284537,0.1228
muzaffarnagar,42.0,0.1818181818181818,0.0627006039422784,0.1223
sahibganj,0.0,0.0,0.2431308387399167,0.1216
jiribam,5.0,0.0216450216450216,0.221514834760543,0.1216
ghaziabad,32.0,0.1385281385281385,0.1047383585345849,0.1216
tiruchirappalli,29.0,0.1255411255411255,0.1172519182819267,0.1214
mansa,29.0,0.1255411255411255,0.1168049105688641,0.1212
sangrur,32.0,0.1385281385281385,0.1036714414297657,0.1211
srikakulam,22.0,0.0952380952380952,0.1459112114547693,0.1206
narmada,25.0,0.1082251082251082,0.1318688572734649,0.12
nawada,38.0,0.1645021645021645,0.074559668043895,0.1195
bijapur,36.0,0.1558441558441558,0.0824766371514763,0.1192
valsad,38.0,0.1645021645021645,0.0736146754917058,0.1191
namsai,18.0,0.0779220779220779,0.1601601748936329,0.119
mysuru,51.0,0.2207792207792207,0.0159991408609819,0.1184
moga,28.0,0.1212121212121212,0.1156323219454808,0.1184
west karbi anglong,24.0,0.1038961038961039,0.1324752709844115,0.1182
kheda,26.0,0.1125541125541125,0.1204656344145138,0.1165
kanpur nagar,6.0,0.0259740259740259,0.2063226803582535,0.1161
chitrakoot,29.0,0.1255411255411255,0.1042542354767835,0.1149
bengaluru urban,53.0,0.2294372294372294,0.0,0.1147
ahmedabad,53.0,0.2294372294372294,0.0,0.1147
bharatpur,30.0,0.1298701298701298,0.0990018931126221,0.1144
una,52.0,0.2251082251082251,0.0007728165128259,0.1129
navsari,30.0,0.1298701298701298,0.0958236361094111,0.1128
banka,35.0,0.1515151515151515,0.0713727303351861,0.1114
wanaparthy,3.0,0.0129870129870129,0.2085486936229955,0.1108
satara,51.0,0.2207792207792207,0.0001278640762869,0.1105
jayashankar,0.0,0.0,0.2209619427181751,0.1105
kanpur nagar dehat,51.0,0.2207792207792207,0.0,0.1104
hoshiarpur,41.0,0.1774891774891775,0.0429966789455077,0.1102
baran,27.0,0.1168831168831168,0.1026634765409455,0.1098
viluppuram,25.0,0.1082251082251082,0.109182269469091,0.1087
khordha,29.0,0.1255411255411255,0.0911245088349153,0.1083
jaipur,47.0,0.2034632034632034,0.0126542966086269,0.1081
sambhal,30.0,0.1298701298701298,0.0850111787043943,0.1074
bundi,30.0,0.1298701298701298,0.0843037984676404,0.1071
aligarh,30.0,0.1298701298701298,0.0815697598200745,0.1057
south west,16.0,0.0692640692640692,0.1413792678244289,0.1053
hanumangarh,12.0,0.0519480519480519,0.1569252226451522,0.1044
east siang,23.0,0.0995670995670995,0.1083775638149149,0.104
north  parganas,48.0,0.2077922077922078,0.0,0.1039
kendujhar,37.0,0.1601731601731601,0.0474639155374581,0.1038
changlang,23.0,0.0995670995670995,0.1065631751225765,0.1031
gadag,40.0,0.1731601731601731,0.0327502295317514,0.103
koraput,45.0,0.1948051948051948,0.0078456872459932,0.1013
chamoli,37.0,0.1601731601731601,0.0418478281813167,0.101
jodhpur,43.0,0.1861471861471861,0.0148953268948605,0.1005
upper siang,23.0,0.0995670995670995,0.1010282253857875,0.1003
surendranagar,35.0,0.1515151515151515,0.0482439662184779,0.0999
latur,44.0,0.1904761904761904,0.0088496480162622,0.0997
south  parganas,46.0,0.1991341991341991,0.0,0.0996
solapur,37.0,0.1601731601731601,0.039076042149154,0.0996
jalna,45.0,0.1948051948051948,0.0025837564604173,0.0987
etah,34.0,0.1471861471861472,0.0501605919087052,0.0987
dehradun,31.0,0.1341991341991342,0.062685399679508,0.0984
patan,20.0,0.0865800865800865,0.1099146521527556,0.0982
shamli,27.0,0.1168831168831168,0.0786438003011148,0.0978
puri,42.0,0.1818181818181818,0.0136232089272601,0.0977
krishna,38.0,0.1645021645021645,0.0300445575780832,0.0973
shivamogga,44.0,0.1904761904761904,0.0030975710404725,0.0968
imphal west,12.0,0.0519480519480519,0.1407159196413382,0.0963
kaithal,14.0,0.0606060606060606,0.1319236397197429,0.0963
north tripura,29.0,0.1255411255411255,0.0653151175449969,0.0954
rajkot,41.0,0.1774891774891775,0.0130258845675415,0.0953
morena,18.0,0.0779220779220779,0.1125231271289834,0.0952
bhopal,44.0,0.1904761904761904,2.0931314354524297e-05,0.0952
dharashiv,44.0,0.1904761904761904,0.0,0.0952
palghar,35.0,0.1515151515151515,0.0382260125907919,0.0949
mandya,30.0,0.1298701298701298,0.0599496181174749,0.0949
gomati,19.0,0.0822510822510822,0.1065826511365829,0.0944
hassan,43.0,0.1861471861471861,0.0020408746509271,0.0941
thiruvarur,22.0,0.0952380952380952,0.0923026638540715,0.0938
ajmer,41.0,0.1774891774891775,0.0086172556388503,0.0931
ahmednagar,43.0,0.1861471861471861,0.0,0.0931
khammam,42.0,0.1818181818181818,0.0042932216679687,0.0931
jhansi,25.0,0.1082251082251082,0.0772120267370369,0.0927
bikaner,36.0,0.1558441558441558,0.0289943071907521,0.0924
sambalpur,36.0,0.1558441558441558,0.0276843310516622,0.0918
bhind,16.0,0.0692640692640692,0.1138519248054416,0.0916
subarnapur,20.0,0.0865800865800865,0.0965305734949288,0.0916
mayurbhanj,31.0,0.1341991341991342,0.0467378744614807,0.0905
prakasam,33.0,0.1428571428571428,0.0371967652731776,0.09
bhiwani,20.0,0.0865800865800865,0.0925933346667469,0.0896
alwar,38.0,0.1645021645021645,0.0144981937729615,0.0895
poonch,41.0,0.1774891774891775,0.0,0.0887
west tripura,35.0,0.1515151515151515,0.0259294021968859,0.0887
ferozepur,41.0,0.1774891774891775,0.0,0.0887
hapur,26.0,0.1125541125541125,0.0646474518904394,0.0886
sundargarh,23.0,0.0995670995670995,0.0769532103098695,0.0883
tawang,32.0,0.1385281385281385,0.0370996571538525,0.0878
pakur,3.0,0.0129870129870129,0.1619701845615271,0.0875
ahmadabad,0.0,0.0,0.1735605529407598,0.0868
gondia,40.0,0.1731601731601731,0.0,0.0866
lahul and spiti,40.0,0.1731601731601731,0.0,0.0866
kanpur nagar nagar,40.0,0.1731601731601731,0.0,0.0866
ghazipurr,40.0,0.1731601731601731,0.0,0.0866
kra daadi,22.0,0.0952380952380952,0.0778026950778141,0.0865
amreli,39.0,0.1688311688311688,0.0040607176569931,0.0864
chengalpattu,13.0,0.0562770562770562,0.1165234854875395,0.0864
siang,20.0,0.0865800865800865,0.0855095430637705,0.086
south west garo hills,7.0,0.0303030303030303,0.141407954432942,0.0859
sawai madhopur,25.0,0.1082251082251082,0.0630021355957932,0.0856
alipurduar,0.0,0.0,0.1709988121261721,0.0855
barnala,23.0,0.0995670995670995,0.0705775287316651,0.0851
aizawl,19.0,0.0822510822510822,0.0874521651502606,0.0849
bhavnagar,39.0,0.1688311688311688,0.0008174632919262,0.0848
jhalawar,30.0,0.1298701298701298,0.0397991904468583,0.0848
lakshadweep,0.0,0.0,0.1693341883473705,0.0847
udupi,39.0,0.1688311688311688,0.0003210831059019,0.0846
hyderabad,39.0,0.1688311688311688,1.1732022904817956e-05,0.0844
hathras,26.0,0.1125541125541125,0.0562865947558809,0.0844
malda,39.0,0.1688311688311688,0.0,0.0844
anantnag,36.0,0.1558441558441558,0.0128186611348811,0.0843
kalahandi,35.0,0.1515151515151515,0.0168508723549375,0.0842
kakching,4.0,0.0173160173160173,0.1490305302543854,0.0832
lower siang,17.0,0.0735930735930736,0.0919479853955375,0.0828
panipat,20.0,0.0865800865800865,0.0772722403657384,0.0819
sonipat,29.0,0.1255411255411255,0.0383172479887974,0.0819
chikkaballapura,36.0,0.1558441558441558,0.0076822755632168,0.0818
ganderbal,23.0,0.0995670995670995,0.0633111446660634,0.0814
indore,35.0,0.1515151515151515,0.011147593428209,0.0813
kandhamal,32.0,0.1385281385281385,0.0229329198991711,0.0807
faizabad,0.0,0.0,0.161184543777948,0.0806
badgam,0.0,0.0,0.1611278537820382,0.0806
haveri,27.0,0.1168831168831168,0.0440940882692904,0.0805
ariyalur,14.0,0.0606060606060606,0.1000560632477451,0.0803
papum pare,29.0,0.1255411255411255,0.0349404564711319,0.0802
udaipur,37.0,0.1601731601731601,6.605824054589224e-05,0.0801
jabalpur,31.0,0.1341991341991342,0.0258212247440021,0.08
kurnool,34.0,0.1471861471861472,0.0122389529917781,0.0797
lower dibang valley,23.0,0.0995670995670995,0.0591780660230334,0.0794
dhenkanal,28.0,0.1212121212121212,0.0373292735935812,0.0793
tumakuru,36.0,0.1558441558441558,0.0023625799753041,0.0791
pathankot,24.0,0.1038961038961039,0.0536099144662661,0.0788
sangli,32.0,0.1385281385281385,0.0188341699104757,0.0787
reasi,24.0,0.1038961038961039,0.0524538660677323,0.0782
coimbatore,33.0,0.1428571428571428,0.0134128078962218,0.0781
jind,25.0,0.1082251082251082,0.048002239801936,0.0781
east kameng,23.0,0.0995670995670995,0.0561734557266114,0.0779
gangtok,36.0,0.1558441558441558,0.0,0.0779
beedar,36.0,0.1558441558441558,0.0,0.0779
kamle,18.0,0.0779220779220779,0.0777223512124696,0.0778
north,19.0,0.0822510822510822,0.0730434686021947,0.0776
chitradurga,34.0,0.1471861471861472,0.0079129557603167,0.0775
rajouri,33.0,0.1428571428571428,0.0120188532181016,0.0774
doda,33.0,0.1428571428571428,0.0114525010551033,0.0772
south goa,18.0,0.0779220779220779,0.0758857851178182,0.0769
balaghat,25.0,0.1082251082251082,0.0454051010722813,0.0768
gir somnath,33.0,0.1428571428571428,0.0104569312172024,0.0767
rayagada,21.0,0.0909090909090909,0.0613582408193246,0.0761
purba purba medinipur,35.0,0.1515151515151515,0.0,0.0758
jamui,31.0,0.1341991341991342,0.0174942864750425,0.0758
pali,31.0,0.1341991341991342,0.016580362259059,0.0754
bankura,21.0,0.0909090909090909,0.0593418493520196,0.0751
adilabad,25.0,0.1082251082251082,0.0418557963708836,0.075
botad,26.0,0.1125541125541125,0.0371310880345555,0.0748
tiruvannamalai,25.0,0.1082251082251082,0.0405093512779854,0.0744
ramanathapuram,15.0,0.0649350649350649,0.0837555509233906,0.0743
lawngtlai,7.0,0.0303030303030303,0.1182095939224896,0.0743
anjaw,21.0,0.0909090909090909,0.0570549922390606,0.074
south tripura,25.0,0.1082251082251082,0.0394292795314115,0.0738
lunglei,8.0,0.0346320346320346,0.1126487733507384,0.0736
udhampur,29.0,0.1255411255411255,0.0200778069682683,0.0728
yadgir,23.0,0.0995670995670995,0.0456029416552318,0.0726
north goa,18.0,0.0779220779220779,0.0669665826180232,0.0724
chhindwara,31.0,0.1341991341991342,0.0103140449547311,0.0723
visakhapatnam,26.0,0.1125541125541125,0.0311538841340392,0.0719
datia,12.0,0.0519480519480519,0.0916619387608775,0.0718
fatehgarh sahib,28.0,0.1212121212121212,0.0201582401997308,0.0707
barmer,24.0,0.1038961038961039,0.0369993427340046,0.0704
gandhinagar,20.0,0.0865800865800865,0.0541823790007941,0.0704
bargarh,32.0,0.1385281385281385,0.0015281831375426,0.07
narsimhapur,13.0,0.0562770562770562,0.083681120969907,0.07
bhilwara,25.0,0.1082251082251082,0.0317472033168679,0.07
baloda bazar,0.0,0.0,0.1397177895975101,0.0699
kancheepuram,15.0,0.0649350649350649,0.074431778652147,0.0697
virudhunagar,14.0,0.0606060606060606,0.0786824136607508,0.0696
jamnagar,32.0,0.1385281385281385,8.922895720776343e-05,0.0693
hingoli,32.0,0.1385281385281385,9.213879590032464e-05,0.0693
davangere,32.0,0.1385281385281385,0.0,0.0693
ujjain,25.0,0.1082251082251082,0.0299811523385997,0.0691
pakke kessang,15.0,0.0649350649350649,0.0728963569860551,0.0689
raipur,26.0,0.1125541125541125,0.0250805977713765,0.0688
nuapada,19.0,0.0822510822510822,0.054805481273339,0.0685
sehore,23.0,0.0995670995670995,0.036623973838999,0.0681
sagar,25.0,0.1082251082251082,0.0277133679279439,0.068
tehri garhwal,26.0,0.1125541125541125,0.0229041896871045,0.0677
vidisha,25.0,0.1082251082251082,0.0269013604988991,0.0676
noney,5.0,0.0216450216450216,0.113335133923025,0.0675
sabar kantha,28.0,0.1212121212121212,0.0138309202117171,0.0675
pithoragarh,27.0,0.1168831168831168,0.0176353265715253,0.0673
sri potti sriramulu nellore,31.0,0.1341991341991342,0.0,0.0671
baramulla,31.0,0.1341991341991342,0.0,0.0671
madurai,21.0,0.0909090909090909,0.0428805330067222,0.0669
rohtak,21.0,0.0909090909090909,0.0423268295572573,0.0666
raisen,18.0,0.0779220779220779,0.0552311373845917,0.0666
balangir,20.0,0.0865800865800865,0.046369075732983,0.0665
damoh,19.0,0.0822510822510822,0.0505310314008209,0.0664
kurung kumey,25.0,0.1082251082251082,0.0235363585777626,0.0659
ramban,26.0,0.1125541125541125,0.0188134064063018,0.0657
north east,16.0,0.0692640692640692,0.0620091119937489,0.0656
yanam,1.0,0.0043290043290043,0.1263753210064504,0.0654
kanpur dehat,0.0,0.0,0.1306957702995654,0.0653
nandurbar,22.0,0.0952380952380952,0.0351374001332203,0.0652
west siang,24.0,0.1038961038961039,0.0262798047131628,0.0651
sshrawasti,30.0,0.1298701298701298,0.0,0.0649
koppal,25.0,0.1082251082251082,0.0211952464945222,0.0647
karur,13.0,0.0562770562770562,0.0729101592887466,0.0646
sonbhadra,29.0,0.1255411255411255,0.00274991237305,0.0641
kolar,28.0,0.1212121212121212,0.0064301672663173,0.0638
kathua,29.0,0.1255411255411255,0.0019311684489909,0.0637
karimnagar,29.0,0.1255411255411255,0.0005428035347616,0.063
dadra  nagar haveli,0.0,0.0,0.1256954008483499,0.0628
rewa,21.0,0.0909090909090909,0.0346608792914713,0.0628
niwari,8.0,0.0346320346320346,0.0905312207672437,0.0626
saiha,0.0,0.0,0.1249553980415426,0.0625
panch mahals,25.0,0.1082251082251082,0.0164392178103826,0.0623
longleng,1.0,0.0043290043290043,0.1201231731636678,0.0622
srinagar,26.0,0.1125541125541125,0.0118082196065556,0.0622
khowai,20.0,0.0865800865800865,0.0376437609211793,0.0621
gajapati,23.0,0.0995670995670995,0.0245334370986146,0.0621
betul,23.0,0.0995670995670995,0.0242563609849158,0.0619
west garo hills,18.0,0.0779220779220779,0.0457059234695482,0.0618
banas kantha,23.0,0.0995670995670995,0.0240362938504041,0.0618
palwal,11.0,0.0476190476190476,0.0757343299527468,0.0617
nizamabad,28.0,0.1212121212121212,0.0018987178801392,0.0616
peddapalli,3.0,0.0129870129870129,0.1099520537569398,0.0615
mahoba,26.0,0.1125541125541125,0.0100833010456428,0.0613
banswara,28.0,0.1212121212121212,0.0007149003680583,0.061
kupwara,23.0,0.0995670995670995,0.0220116309160009,0.0608
devbhumi dwarka dwarka,28.0,0.1212121212121212,0.0,0.0606
khargone khargone west nimar,28.0,0.1212121212121212,0.0,0.0606
medak,19.0,0.0822510822510822,0.0384535078658103,0.0604
mon,1.0,0.0043290043290043,0.116063228559578,0.0602
panchkula,25.0,0.1082251082251082,0.0119412874071175,0.0601
mahesana,21.0,0.0909090909090909,0.0292824098387935,0.0601
the nilgiris,27.0,0.1168831168831168,0.0030524882681707,0.06
anugul,25.0,0.1082251082251082,0.0115264835429942,0.0599
churu,20.0,0.0865800865800865,0.0328463053051973,0.0597
gurugram,16.0,0.0692640692640692,0.0493140782360958,0.0593
east khasi hills,16.0,0.0692640692640692,0.048673762423635,0.059
dhaulpur,0.0,0.0,0.1177112427288465,0.0589
dhule,25.0,0.1082251082251082,0.0096388100619544,0.0589
pherzawl,4.0,0.0173160173160173,0.1001948405314691,0.0588
garhwal,24.0,0.1038961038961039,0.0134807991711948,0.0587
lalitpur,27.0,0.1168831168831168,0.0003735123149645,0.0586
mumbai suburban,27.0,0.1168831168831168,4.221679116397712e-05,0.0585
mulugu,5.0,0.0216450216450216,0.0953648911664173,0.0585
chhatarpur,17.0,0.0735930735930736,0.0434533077614832,0.0585
dangs,27.0,0.1168831168831168,0.0,0.0584
tapi,26.0,0.1125541125541125,0.0042230154594786,0.0584
narmadapuram,27.0,0.1168831168831168,0.0,0.0584
sivaganga,8.0,0.0346320346320346,0.0818392759242674,0.0582
morbi,25.0,0.1082251082251082,0.0081286598724651,0.0582
chikkamagaluru,22.0,0.0952380952380952,0.0205925185538528,0.0579
kishtwar,24.0,0.1038961038961039,0.011936212165158,0.0579
kallakurichi,10.0,0.0432900432900432,0.0723905412027213,0.0578
krishnagiri,18.0,0.0779220779220779,0.036588179893599,0.0573
almora,20.0,0.0865800865800865,0.0274564059218067,0.057
dhalai,23.0,0.0995670995670995,0.0142590032205571,0.0569
longding,20.0,0.0865800865800865,0.0270476124053645,0.0568
seoni,22.0,0.0952380952380952,0.0177691820300644,0.0565
mahabubnagar,22.0,0.0952380952380952,0.0176449030548796,0.0564
sas nagar,26.0,0.1125541125541125,0.0,0.0563
new new delhi,26.0,0.1125541125541125,0.0,0.0563
harda,15.0,0.0649350649350649,0.0477560667119416,0.0563
bastar,10.0,0.0432900432900432,0.0691181465405171,0.0562
jhajjar,12.0,0.0519480519480519,0.0605140939306657,0.0562
burhanpur,19.0,0.0822510822510822,0.0290213418595908,0.0556
sirohi,23.0,0.0995670995670995,0.0106958453738778,0.0551
sidhi,8.0,0.0346320346320346,0.0754402289374181,0.055
nainital,18.0,0.0779220779220779,0.0317215454619811,0.0548
tonk,25.0,0.1082251082251082,0.0010984718958145,0.0547
dhar,22.0,0.0952380952380952,0.0138830563032996,0.0546
dindori,13.0,0.0562770562770562,0.0526303079316349,0.0545
tirap,19.0,0.0822510822510822,0.0266667819324486,0.0545
sikar,21.0,0.0909090909090909,0.0178163219587533,0.0544
uttar kashi kashi,25.0,0.1082251082251082,0.0,0.0541
dibang valley,25.0,0.1082251082251082,0.0,0.0541
paschim purba medinipur,25.0,0.1082251082251082,0.0,0.0541
vizianagaram,17.0,0.0735930735930736,0.0334435862730301,0.0535
rajgarh,20.0,0.0865800865800865,0.0200164440260969,0.0533
ranchi,20.0,0.0865800865800865,0.0196860631185812,0.0531
sri muktsar sahib,1.0,0.0043290043290043,0.1011090607859473,0.0527
pudukkottai,18.0,0.0779220779220779,0.0259794330411718,0.052
sri sri muktsar sahib sahib,24.0,0.1038961038961039,0.0,0.0519
dholpur,24.0,0.1038961038961039,0.0,0.0519
upper lower subansiri,24.0,0.1038961038961039,0.0,0.0519
chittoor,19.0,0.0822510822510822,0.021358341183698,0.0518
jaisalmer,19.0,0.0822510822510822,0.020467770734634,0.0514
malkangiri,23.0,0.0995670995670995,0.003092956218171,0.0513
uttara kannada,0.0,0.0,0.1024322729318694,0.0512
shi yomi,17.0,0.0735930735930736,0.0287689795626787,0.0512
tamenglong,7.0,0.0303030303030303,0.0717907014259683,0.051
guna,19.0,0.0822510822510822,0.01936383082621,0.0508
erode,17.0,0.0735930735930736,0.0276995270170574,0.0506
ramanagara,14.0,0.0606060606060606,0.0404652269795232,0.0505
bametara,0.0,0.0,0.1009240463787596,0.0505
samba,17.0,0.0735930735930736,0.0266703442157689,0.0501
nagaur,20.0,0.0865800865800865,0.0132733606417816,0.0499
sheopur,11.0,0.0476190476190476,0.0521444002608225,0.0499
budgam,23.0,0.0995670995670995,0.0,0.0498
kanniyakumariumari,23.0,0.0995670995670995,0.0,0.0498
salem,16.0,0.0692640692640692,0.0297525028817535,0.0495
jagatsinghapur,22.0,0.0952380952380952,0.0033046069355193,0.0493
dindigul,19.0,0.0822510822510822,0.0160589051190811,0.0492
west khasi hills,11.0,0.0476190476190476,0.0504593667593001,0.049
jharsuguda,21.0,0.0909090909090909,0.0069389784444423,0.0489
gwalior,21.0,0.0909090909090909,0.0066514880241589,0.0488
ysr,22.0,0.0952380952380952,0.001945462625166,0.0486
south west khasi hills,5.0,0.0216450216450216,0.0748781148281521,0.0483
vellore,18.0,0.0779220779220779,0.0185402927972775,0.0482
dewas,16.0,0.0692640692640692,0.026735449697504,0.048
the dangs,1.0,0.0043290043290043,0.0916408449280357,0.048
rewari,14.0,0.0606060606060606,0.0350545365751532,0.0478
boudh,22.0,0.0952380952380952,0.0,0.0476
perambalur,15.0,0.0649350649350649,0.030118694668088,0.0475
mandla,15.0,0.0649350649350649,0.0281751126684178,0.0466
kolasib,6.0,0.0259740259740259,0.0670592714113673,0.0465
ranipet,8.0,0.0346320346320346,0.0577028317388438,0.0462
thiruvallur,20.0,0.0865800865800865,0.0057960410841096,0.0462
phek,2.0,0.0086580086580086,0.0832501519561614,0.046
south east,15.0,0.0649350649350649,0.0266400518534812,0.0458
unakoti,21.0,0.0909090909090909,0.0,0.0455
lower lower subansiri,21.0,0.0909090909090909,0.0,0.0455
mahisagar,14.0,0.0606060606060606,0.0295618111648995,0.0451
north garo hills,6.0,0.0259740259740259,0.063743638068506,0.0449
ratlam,15.0,0.0649350649350649,0.0249175763615707,0.0449
mamit,7.0,0.0303030303030303,0.0584989116364662,0.0444
thoothukkudi,20.0,0.0865800865800865,0.0007313194766294,0.0437
nalgonda,20.0,0.0865800865800865,0.0004585849645193,0.0435
tirunelveli,20.0,0.0865800865800865,0.0003133739976432,0.0434
deogarh,20.0,0.0865800865800865,0.0,0.0433
itanagar,20.0,0.0865800865800865,0.0,0.0433
bagalkotee,20.0,0.0865800865800865,0.0,0.0433
jalore,20.0,0.0865800865800865,0.0,0.0433
purulia,20.0,0.0865800865800865,0.0,0.0433
serchhip,7.0,0.0303030303030303,0.0562390797519648,0.0433
purba purba bardhaman,20.0,0.0865800865800865,0.0,0.0433
chamarajanagara,1.0,0.0043290043290043,0.0820288357690729,0.0432
east,19.0,0.0822510822510822,0.0042333547086842,0.0432
mungeli,2.0,0.0086580086580086,0.0776922796619636,0.0432
champawat,8.0,0.0346320346320346,0.0514939634709249,0.0431
dausa,15.0,0.0649350649350649,0.0211158445082668,0.043
dimapur,3.0,0.0129870129870129,0.0726654073359279,0.0428
south garo hills,7.0,0.0303030303030303,0.0538770035882045,0.0421
palamu,9.0,0.0389610389610389,0.0450042401852265,0.042
charki dadri,11.0,0.0476190476190476,0.0360921539546968,0.0419
mandsaur,19.0,0.0822510822510822,0.0015141657380983,0.0419
gyalshing,19.0,0.0822510822510822,0.0,0.0411
mancachar,19.0,0.0822510822510822,0.0,0.0411
champhai,10.0,0.0432900432900432,0.0389123799364459,0.0411
chandigarh,19.0,0.0822510822510822,4.206985142203869e-05,0.0411
mangan,19.0,0.0822510822510822,0.0,0.0411
rudra prayag,19.0,0.0822510822510822,0.0,0.0411
sepahijala,19.0,0.0822510822510822,0.0,0.0411
bandipore,0.0,0.0,0.0819768745573733,0.041
east jaintia hills,3.0,0.0129870129870129,0.0688955852827452,0.0409
janjgir  champa,0.0,0.0,0.0816570446091322,0.0408
darjiling,0.0,0.0,0.0812110362641157,0.0406
barwani,16.0,0.0692640692640692,0.0116866409190053,0.0405
tiruppur,13.0,0.0562770562770562,0.0233374363303504,0.0398
dakshin bastar dantewada,2.0,0.0086580086580086,0.070832462198893,0.0397
hardwar,0.0,0.0,0.0793934212898203,0.0397
panna,11.0,0.0476190476190476,0.0313692696439121,0.0395
shajapur,13.0,0.0562770562770562,0.0217385877076654,0.039
namchi,18.0,0.0779220779220779,0.0,0.039
bandipora,18.0,0.0779220779220779,0.0,0.039
singrauli,10.0,0.0432900432900432,0.0341488693905284,0.0387
jogulamba gadwal,4.0,0.0173160173160173,0.0594660121216176,0.0384
jhabua,15.0,0.0649350649350649,0.0117974240017124,0.0384
bageshwar,12.0,0.0519480519480519,0.0241627102887148,0.0381
nuh,11.0,0.0476190476190476,0.0283596770276664,0.038
dharmapuri,15.0,0.0649350649350649,0.0103667025956137,0.0377
jhargram,0.0,0.0,0.0751321143326642,0.0376
karauli,13.0,0.0562770562770562,0.0184363190656194,0.0374
durg,13.0,0.0562770562770562,0.0182353324651171,0.0373
kulgam,17.0,0.0735930735930736,0.0009732982857791,0.0373
katni,12.0,0.0519480519480519,0.0224524879456738,0.0372
muzaffarabad,13.0,0.0562770562770562,0.0181952617731227,0.0372
wokha,2.0,0.0086580086580086,0.0657440738949133,0.0372
shopian,17.0,0.0735930735930736,0.0,0.0368
north west,16.0,0.0692640692640692,0.0042333547086842,0.0367
dungarpur,15.0,0.0649350649350649,0.008372603381535,0.0367
paschim bardhaman,0.0,0.0,0.0733928619290426,0.0367
namakkal,13.0,0.0562770562770562,0.0164906120912195,0.0364
ribhoi,0.0,0.0,0.0726079259990225,0.0363
baudh,0.0,0.0,0.0723613867661793,0.0362
mahendragarh,11.0,0.0476190476190476,0.0237771004853335,0.0357
mirpur,13.0,0.0562770562770562,0.0142794529908136,0.0353
purbi singhbhum,0.0,0.0,0.0697230670625908,0.0349
suryapet,3.0,0.0129870129870129,0.0565673896600235,0.0348
west jaintia hills,0.0,0.0,0.0695288661910182,0.0348
mancherial,3.0,0.0129870129870129,0.0565856848220674,0.0348
kumuram bheem asifabad,5.0,0.0216450216450216,0.0480452930616569,0.0348
shahdara,15.0,0.0649350649350649,0.0042333547086842,0.0346
ananthapuramuamu,16.0,0.0692640692640692,0.0,0.0346
hazaribagh,15.0,0.0649350649350649,0.0032618722357402,0.0341
east garo hills,9.0,0.0389610389610389,0.0290568288867743,0.034
tikamgarh,13.0,0.0562770562770562,0.0116081240002189,0.0339
rajsamand,14.0,0.0606060606060606,0.0070025955209954,0.0338
tirupathur,7.0,0.0303030303030303,0.0373438432341473,0.0338
shivpuri,14.0,0.0606060606060606,0.0068032319886885,0.0337
nagarkurnool,3.0,0.0129870129870129,0.0543968893069146,0.0337
rajnandgaon,13.0,0.0562770562770562,0.0105178288290242,0.0334
sukma,1.0,0.0043290043290043,0.0620918823756789,0.0332
alirajpur,14.0,0.0606060606060606,0.0056622234717617,0.0331
ashoknagar,13.0,0.0562770562770562,0.0093037841059846,0.0328
anuppur,10.0,0.0432900432900432,0.0223298386427176,0.0328
chota udaipur,14.0,0.0606060606060606,0.0047617920155735,0.0327
daman,0.0,0.0,0.0653857908618455,0.0327
south,15.0,0.0649350649350649,0.0002856495883218,0.0326
leparada,15.0,0.0649350649350649,0.0,0.0325
arvalli,15.0,0.0649350649350649,0.0,0.0325
south district,0.0,0.0,0.0640142292331272,0.032
jagitial,2.0,0.0086580086580086,0.0551468305912372,0.0319
narayanpet,7.0,0.0303030303030303,0.0325541222112193,0.0314
theni,14.0,0.0606060606060606,0.0013446054886094,0.031
nirmal,3.0,0.0129870129870129,0.0486885809854579,0.0308
south andaman,0.0,0.0,0.0611064604393508,0.0306
vijayapura,14.0,0.0606060606060606,0.0004842584828184,0.0305
satna,14.0,0.0606060606060606,0.0002805733303571,0.0304
dahod,14.0,0.0606060606060606,0.0,0.0303
chittorgarh,14.0,0.0606060606060606,0.0,0.0303
ranga reddy,13.0,0.0562770562770562,0.003599490105464,0.0299
rudraprayag,0.0,0.0,0.0593962780591782,0.0297
hoshangabad,0.0,0.0,0.0582415083877677,0.0291
kalimpong,4.0,0.0173160173160173,0.0405724132347356,0.0289
bhadradri kothagudem,6.0,0.0259740259740259,0.0314264877931553,0.0287
jalor,0.0,0.0,0.0569137130427038,0.0285
churachandpur,4.0,0.0173160173160173,0.0397635480555569,0.0285
kohima,10.0,0.0432900432900432,0.0136154630734825,0.0285
umaria,13.0,0.0562770562770562,0.000186837120391,0.0282
shahdol,13.0,0.0562770562770562,0.0001628861117892,0.0282
north   middle andaman,0.0,0.0,0.0556608716134358,0.0278
mokokchung,1.0,0.0043290043290043,0.0508414976764489,0.0276
lohardaga,5.0,0.0216450216450216,0.0335082208363875,0.0276
neemuch,12.0,0.0519480519480519,0.0019898987102025,0.027
udham singh nagar,0.0,0.0,0.0540403674764062,0.027
kiphire,2.0,0.0086580086580086,0.0451512891900499,0.0269
west nimar,0.0,0.0,0.0533948940832368,0.0267
garhwa,7.0,0.0303030303030303,0.0231783275563006,0.0267
kamareddy,3.0,0.0129870129870129,0.0402721279655142,0.0266
khunti,5.0,0.0216450216450216,0.03114796332181,0.0264
new delhi,12.0,0.0519480519480519,0.0006011033061328,0.0263
jhunjhunu,12.0,0.0519480519480519,0.0,0.026
surajpur,0.0,0.0,0.051649447562006,0.0258
deoghar,4.0,0.0173160173160173,0.0343648952376345,0.0258
gumla,5.0,0.0216450216450216,0.0286593654362074,0.0252
upper subansiri,0.0,0.0,0.0489476595842824,0.0245
chatra,8.0,0.0346320346320346,0.014375855198241,0.0245
ramgarh,7.0,0.0303030303030303,0.0185836062813123,0.0244
simdega,2.0,0.0086580086580086,0.0393151551465,0.024
east nimar,11.0,0.0476190476190476,0.0004712064152484,0.024
agarmalwa,11.0,0.0476190476190476,0.0,0.0238
tenkasi,7.0,0.0303030303030303,0.0172469895987071,0.0238
ri bhoi,11.0,0.0476190476190476,0.0,0.0238
senapati,4.0,0.0173160173160173,0.030065598874993,0.0237
kargil,8.0,0.0346320346320346,0.0121217825811531,0.0234
shupiyan,0.0,0.0,0.0457457312278816,0.0229
ukhrul,4.0,0.0173160173160173,0.028359530595927,0.0228
kondagaon,0.0,0.0,0.0456559930404359,0.0228
chandel,4.0,0.0173160173160173,0.0267070145925942,0.022
mahasamund,4.0,0.0173160173160173,0.0265660180996648,0.0219
sangareddy,10.0,0.0432900432900432,0.0002186164908536,0.0218
uttar kashi dinajpur,10.0,0.0432900432900432,0.0,0.0216
jamtara,3.0,0.0129870129870129,0.0279641598195932,0.0205
tengnoupal,4.0,0.0173160173160173,0.0228231923611271,0.0201
kangpokpi,4.0,0.0173160173160173,0.0226272316416685,0.02
puducherry,0.0,0.0,0.039785537200586,0.0199
lower subansiri,1.0,0.0043290043290043,0.0351104524598209,0.0197
many parts,9.0,0.0389610389610389,0.0,0.0195
udam singh nagar,9.0,0.0389610389610389,0.0,0.0195
haridwar,9.0,0.0389610389610389,0.0,0.0195
godda,6.0,0.0259740259740259,0.0130806350519914,0.0195
chamarajanagaraa,9.0,0.0389610389610389,0.0,0.0195
baramula,0.0,0.0,0.0385718953235805,0.0193
vikarabad,8.0,0.0346320346320346,0.003581815129885,0.0191
peren,3.0,0.0129870129870129,0.0248280730406443,0.0189
kamjong,4.0,0.0173160173160173,0.0203857536781744,0.0189
siddipet,5.0,0.0216450216450216,0.0160062712696519,0.0188
lepa rada,0.0,0.0,0.0368567776984885,0.0184
pashchimi singhbhum,0.0,0.0,0.0367533647169951,0.0184
mahabubabad,6.0,0.0259740259740259,0.0104844128012976,0.0182
giridih,4.0,0.0173160173160173,0.0187486901815322,0.018
zunheboto,2.0,0.0086580086580086,0.0271157754698716,0.0179
east district,0.0,0.0,0.0351862163857068,0.0176
diu,0.0,0.0,0.0347065861872577,0.0174
surguja,6.0,0.0259740259740259,0.0084740251623076,0.0172
narayanpur,2.0,0.0086580086580086,0.0242347441634333,0.0164
kabeerdham,2.0,0.0086580086580086,0.0239049165977115,0.0163
bidar,0.0,0.0,0.0324900839158726,0.0162
tuensang,1.0,0.0043290043290043,0.0275170516913569,0.0159
latehar,2.0,0.0086580086580086,0.0230815737687646,0.0159
yadadri bhuvanagiri,2.0,0.0086580086580086,0.0231168898107515,0.0159
uttar bastar kanker,0.0,0.0,0.0309119365247137,0.0155
jayashankar bhupalapally,7.0,0.0303030303030303,0.0,0.0152
upper dibang valley,0.0,0.0,0.0301139749432569,0.0151
sri potti sriramulu nell,0.0,0.0,0.0291566074909168,0.0146
west district,0.0,0.0,0.0290330084348318,0.0145
aravalli,0.0,0.0,0.028924764983948,0.0145
punch,0.0,0.0,0.0287160155115823,0.0144
jashpur,1.0,0.0043290043290043,0.0240805527272124,0.0142
medchal malkajgiri,4.0,0.0173160173160173,0.0097632387285617,0.0135
bokaro,6.0,0.0259740259740259,0.000932620573053,0.0135
dumka,4.0,0.0173160173160173,0.0096431186857098,0.0135
korba,3.0,0.0129870129870129,0.013138955270466,0.0131
paschim purba bardhaman,6.0,0.0259740259740259,0.0,0.013
some parts,6.0,0.0259740259740259,0.0,0.013
pondicherry,6.0,0.0259740259740259,0.0,0.013
chamarajanagaraa chikkaballapura,6.0,0.0259740259740259,0.0,0.013
siaha,6.0,0.0259740259740259,0.0,0.013
sahebganj,6.0,0.0259740259740259,0.0,0.013
east uttar kashi pradesh,6.0,0.0259740259740259,0.0,0.013
kashmir valley,6.0,0.0259740259740259,0.0,0.013
manali,6.0,0.0259740259740259,0.0,0.013
bishnupur,6.0,0.0259740259740259,4.226695641727503e-05,0.013
north westduar,6.0,0.0259740259740259,0.0,0.013
mangalore,6.0,0.0259740259740259,0.0,0.013
sipahijala,0.0,0.0,0.0253200277623232,0.0127
dhanbad,3.0,0.0129870129870129,0.0088002786336495,0.0109
most of the districts,5.0,0.0216450216450216,0.0,0.0108
uttar kashi bastar kanker,5.0,0.0216450216450216,0.0,0.0108
bagalkotee belagavi,5.0,0.0216450216450216,0.0,0.0108
janjgirchampa,5.0,0.0216450216450216,0.0,0.0108
leh ladakh,5.0,0.0216450216450216,0.0,0.0108
west east jaintia hills,5.0,0.0216450216450216,0.0,0.0108
purbi west singhbhum,5.0,0.0216450216450216,0.0,0.0108
east east jaintia hills,5.0,0.0216450216450216,0.0,0.0108
gariaband,0.0,0.0,0.0214095843337718,0.0107
anantapur,0.0,0.0,0.020431170716164,0.0102
koriya,0.0,0.0,0.0202679385276273,0.0101
jhunjhunun,1.0,0.0043290043290043,0.0142726388137403,0.0093
nabarangapur,0.0,0.0,0.0184400255793346,0.0092
raigad,4.0,0.0173160173160173,0.0,0.0087
sikkim,4.0,0.0173160173160173,0.0,0.0087
districts,4.0,0.0173160173160173,0.0,0.0087
bhadradri bhadradri kothagudem bhadradri kothagudem,4.0,0.0173160173160173,0.0,0.0087
pashchimi west singhbhum,4.0,0.0173160173160173,0.0,0.0087
north bengal,4.0,0.0173160173160173,0.0,0.0087
rajanna sircilla,4.0,0.0173160173160173,4.84371979058236e-05,0.0087
kanniyakumari,4.0,0.0173160173160173,6.648479336633925e-05,0.0087
goa,4.0,0.0173160173160173,0.0,0.0087
himachal pradesh,4.0,0.0173160173160173,0.0,0.0087
meghalaya,4.0,0.0173160173160173,0.0,0.0087
karaikal,2.0,0.0086580086580086,0.007582565878089,0.0081
uttarkashi,0.0,0.0,0.015568601278738,0.0078
dhamtari,3.0,0.0129870129870129,0.0019870211296728,0.0075
mahe,1.0,0.0043290043290043,0.0103248642240271,0.0073
davanagere,0.0,0.0,0.0142769204710262,0.0071
jangoan,2.0,0.0086580086580086,0.004985511307526,0.0068
yadadri yadadri bhuvanagiri yadadri bhuvanagiri,3.0,0.0129870129870129,0.0,0.0065
jagdalpur,3.0,0.0129870129870129,0.0,0.0065
puruliya,0.0,0.0,0.0130368439608784,0.0065
jaloree,3.0,0.0129870129870129,0.0,0.0065
uttar kashiakhand,3.0,0.0129870129870129,0.0,0.0065
pak,3.0,0.0129870129870129,0.0,0.0065
nabarangpur,3.0,0.0129870129870129,0.0,0.0065
bagalkote,3.0,0.0129870129870129,0.0001015440823901,0.0065
bagalkotee bengaluru urban,3.0,0.0129870129870129,0.0,0.0065
uttar pradesh,3.0,0.0129870129870129,0.0,0.0065
saraikelakharsawan,0.0,0.0,0.0125814496334695,0.0063
bid,0.0,0.0,0.0116133260734856,0.0058
siliguri,2.0,0.0086580086580086,0.0,0.0043
west bengal,2.0,0.0086580086580086,0.0,0.0043
ananthapuramu,2.0,0.0086580086580086,0.0,0.0043
saraikela kharsawan,2.0,0.0086580086580086,0.0,0.0043
silchar,2.0,0.0086580086580086,0.0,0.0043
maharashtra,2.0,0.0086580086580086,0.0,0.0043
north and middle andaman,2.0,0.0086580086580086,0.0,0.0043
karnataka,2.0,0.0086580086580086,0.0,0.0043
koderma,2.0,0.0086580086580086,0.0,0.0043
east  west godavari,2.0,0.0086580086580086,0.0,0.0043
kashmir,2.0,0.0086580086580086,0.0,0.0043
districts of assam,2.0,0.0086580086580086,0.0,0.0043
chamarajanagaraa hassan,2.0,0.0086580086580086,0.0,0.0043
many districts of uttar kashi pradesh,2.0,0.0086580086580086,0.0,0.0043
uttar kashi,2.0,0.0086580086580086,0.0,0.0043
neighbourhood,2.0,0.0086580086580086,0.0,0.0043
northern parts,2.0,0.0086580086580086,0.0,0.0043
many  the state,2.0,0.0086580086580086,0.0,0.0043
marathwada,2.0,0.0086580086580086,0.0,0.0043
many districts of tamil nadu,2.0,0.0086580086580086,0.0,0.0043
tripura,2.0,0.0086580086580086,0.0,0.0043
dadra and nagar haveli,2.0,0.0086580086580086,0.0,0.0043
southern parts,2.0,0.0086580086580086,0.0,0.0043
bemetara,2.0,0.0086580086580086,0.0,0.0043
agar malwa,0.0,0.0,0.0083818922931039,0.0042
buldana,0.0,0.0,0.0060551100732189,0.003
warangal urban,0.0,0.0,0.0056349083008401,0.0028
devbhumi dwarka,1.0,0.0043290043290043,0.0010318234409551,0.0027
dohad,0.0,0.0,0.0054915888391814,0.0027
balod,1.0,0.0043290043290043,0.0010550817033923,0.0027
bangalore,0.0,0.0,0.004850026854095,0.0024
gondiya,0.0,0.0,0.0046234113548522,0.0023
districts of orissa,1.0,0.0043290043290043,0.0,0.0022
east  west purba purba medinipur,1.0,0.0043290043290043,0.0,0.0022
kanpur nagardehat,1.0,0.0043290043290043,0.0,0.0022
bagalkotee ballari,1.0,0.0043290043290043,0.0,0.0022
bagalkotee udupi,1.0,0.0043290043290043,0.0,0.0022
west madhya pradesh,1.0,0.0043290043290043,0.0,0.0022
yadadri yadadri bhuvanagiri,1.0,0.0043290043290043,0.0,0.0022
west singhbhum,1.0,0.0043290043290043,0.0,0.0022
districts of cauvery delta zone,1.0,0.0043290043290043,0.0,0.0022
ramagiri,1.0,0.0043290043290043,0.0,0.0022
jharkhand,1.0,0.0043290043290043,0.0,0.0022
jhelum,1.0,0.0043290043290043,0.0,0.0022
districts of cauvery delta,1.0,0.0043290043290043,0.0,0.0022
several other district andhra pradesh,1.0,0.0043290043290043,0.0,0.0022
ernakulam kannur,1.0,0.0043290043290043,0.0,0.0022
ernakulam ant thiruvananthapuram,1.0,0.0043290043290043,0.0,0.0022
entire village,1.0,0.0043290043290043,0.0,0.0022
east west singhbhum,1.0,0.0043290043290043,0.0,0.0022
gadchiroli yavotmal,1.0,0.0043290043290043,0.0,0.0022
jawad,1.0,0.0043290043290043,0.0,0.0022
rajasthan,1.0,0.0043290043290043,0.0,0.0022
greater kolkata area,1.0,0.0043290043290043,0.0,0.0022
bagalkoteebijapur,1.0,0.0043290043290043,0.0,0.0022
rugi,1.0,0.0043290043290043,0.0,0.0022
rural,1.0,0.0043290043290043,0.0,0.0022
hilly areas,1.0,0.0043290043290043,0.0,0.0022
hyderabad   telangana,1.0,0.0043290043290043,0.0,0.0022
andhra pradesh,1.0,0.0043290043290043,0.0,0.0022
heavy rains hazaribagh,1.0,0.0043290043290043,0.0,0.0022
few districts,1.0,0.0043290043290043,0.0,0.0022
sahibzada ajit singh nag,0.0,0.0,0.0043285306825867,0.0022
santal pargan,1.0,0.0043290043290043,0.0,0.0022
ghat area,1.0,0.0043290043290043,0.0,0.0022
mumbai colaba,1.0,0.0043290043290043,0.0,0.0022
nagaland,1.0,0.0043290043290043,0.0,0.0022
south salmara mancachar  mankachar,1.0,0.0043290043290043,0.0,0.0022
south kashmir,1.0,0.0043290043290043,0.0,0.0022
nagarkoil,1.0,0.0043290043290043,0.0,0.0022
south gujarat,1.0,0.0043290043290043,0.0,0.0022
some districts of punjab,1.0,0.0043290043290043,0.0,0.0022
south andamans,1.0,0.0043290043290043,0.0,0.0022
south assam,1.0,0.0043290043290043,0.0,0.0022
bhandara chandrapur,1.0,0.0043290043290043,0.0,0.0022
palnadu,1.0,0.0043290043290043,0.0,0.0022
out of  districts,1.0,0.0043290043290043,0.0,0.0022
telangana,1.0,0.0043290043290043,0.0,0.0022
ntr,1.0,0.0043290043290043,0.0,0.0022
orissa,1.0,0.0043290043290043,0.0,0.0022
lahul  spitti,1.0,0.0043290043290043,0.0,0.0022
coastal districts of andhra pradesh,1.0,0.0043290043290043,0.0,0.0022
chumanung,1.0,0.0043290043290043,0.0,0.0022
chhatisgarh,1.0,0.0043290043290043,0.0,0.0022
chamarajanagaraa  kalaburagi,1.0,0.0043290043290043,0.0,0.0022
darjeelingm,1.0,0.0043290043290043,0.0,0.0022
sshrawasti   east up,1.0,0.0043290043290043,0.0,0.0022
suburbans,1.0,0.0043290043290043,0.0,0.0022
kollam kozhikode,1.0,0.0043290043290043,0.0,0.0022
chikodi,1.0,0.0043290043290043,0.0,0.0022
paschim medinipur,1.0,0.0043290043290043,0.0,0.0022
sivasagar amd sonitpur,1.0,0.0043290043290043,0.0,0.0022
different  jammu,1.0,0.0043290043290043,0.0,0.0022
districts of rajasthan,1.0,0.0043290043290043,0.0,0.0022
south salmara mancachar mankachar,1.0,0.0043290043290043,0.0,0.0022
korea,1.0,0.0043290043290043,0.0,0.0022
khurja,1.0,0.0043290043290043,0.0,0.0022
kokrajhar darrang,1.0,0.0043290043290043,0.0,0.0022
kochi,1.0,0.0043290043290043,0.0,0.0022
palampur,1.0,0.0043290043290043,0.0,0.0022
central part of uttar kashi pradesh,1.0,0.0043290043290043,0.0,0.0022
uttar kashia,1.0,0.0043290043290043,0.0,0.0022
mudigere,1.0,0.0043290043290043,0.0,0.0022
most upper lower subansiri,1.0,0.0043290043290043,0.0,0.0022
most parts,1.0,0.0043290043290043,0.0,0.0022
bhadradri bhadradri kothagudem,1.0,0.0043290043290043,0.0,0.0022
malikkeri,1.0,0.0043290043290043,0.0,0.0022
many districts of south bengal,1.0,0.0043290043290043,0.0,0.0022
neighborhood,1.0,0.0043290043290043,0.0,0.0022
north westdusar,1.0,0.0043290043290043,0.0,0.0022
chamarajanagaraa chitradurga,1.0,0.0043290043290043,0.0,0.0022
chamarajanagaraa davangere,1.0,0.0043290043290043,0.0,0.0022
chamarajanagaraa gadag,1.0,0.0043290043290043,0.0,0.0022
mangalbari,1.0,0.0043290043290043,0.0,0.0022
bhubaneshwar,1.0,0.0043290043290043,0.0,0.0022
bijapur surendranagar,1.0,0.0043290043290043,0.0,0.0022
udaiur,1.0,0.0043290043290043,0.0,0.0022
akharpur,1.0,0.0043290043290043,0.0,0.0022
various  nagaland,1.0,0.0043290043290043,0.0,0.0022
many  tamil nadu,1.0,0.0043290043290043,0.0,0.0022
balodabazarbhatapara,1.0,0.0043290043290043,0.0,0.0022
bhadradri bhadradri kothagudem kothagudem,1.0,0.0043290043290043,0.0,0.0022
urban,1.0,0.0043290043290043,0.0,0.0022
nicobars,0.0,0.0,0.0038359480697375,0.0019
north  district,0.0,0.0,0.0026944251155465,0.0013
warangal rural,0.0,0.0,0.0017674862548486,0.0009
chittaurgarh,0.0,0.0,0.0014067608301152,0.0007
debagarh,0.0,0.0,0.0010891746868704,0.0005
leh,0.0,0.0,0.0007736472240203,0.0004
lahul  spiti,0.0,0.0,0.0005026155365082,0.0003
ahmadnagar,0.0,0.0,0.0002653722849363,0.0001
osmanabad,0.0,0.0,1.2485687043605016e-05,0.0
kodarma,0.0,0.0,6.71365183237412e-05,0.0
