district,flood_risk,drought_risk
24 parganas,0.5,0.4942
adilabad,0.075,0.6571
agar malwa,0.0042,0.5
agarmalwa,0.0238,0.5
agra,0.1697,0.4266
ahmadabad,0.0868,0.5
ahmadnagar,0.0001,0.5
ahmedabad,0.1147,0.6036
ahmednagar,0.0931,0.6982
aizawl,0.0849,0.5
ajmer,0.0931,0.6425
akharpur,0.0022,0.5
akola,0.16,0.7814
alappuzha,0.5072,0.7074
aligarh,0.1057,0.4447
alipurduar,0.0855,0.5
alirajpur,0.0331,0.5
allahabad,0.5,0.5468
almora,0.057,0.5
almorah,0.5,0.7474
alwar,0.0895,0.4868
amarawati,0.5,0.7774
ambala,0.1614,0.2663
ambedkar nagar,0.1426,0.5
amethi,0.1322,0.5
amravati,0.1876,0.5
amreli,0.0864,0.5904
amritsar,0.1602,0.1994
amroha,0.1421,0.5
anand,0.149,0.5
anantapur,0.0102,0.5
ananthapur,0.5,0.6458
ananthapuramu,0.0043,0.5
ananthapuramuamu,0.0346,0.5
anantnag,0.0843,0.5
andhra pradesh,0.0022,0.5
anjaw,0.074,0.5
anugul,0.0599,0.5
anuppur,0.0328,0.5
araria,0.2285,0.5
aravalli,0.0145,0.5
ariyalur,0.0803,0.5
arvalli,0.0325,0.5
arwal,0.5302,0.5
ashoknagar,0.0328,0.5
auraiya,0.2038,0.5
aurangabad,0.2241,0.7912
ayodhya,0.1234,0.5
azamgarh,0.2398,0.5404
badgam,0.0806,0.5
bagalkote,0.0065,0.5
bagalkotee,0.0433,0.5
bagalkotee ballari,0.0022,0.5
bagalkotee belagavi,0.0108,0.5
bagalkotee bengaluru urban,0.0065,0.5
bagalkotee udupi,0.0022,0.5
bagalkoteebijapur,0.0022,0.5
bageshwar,0.0381,0.5
baghpat,0.1517,0.5
bahraich,0.2337,0.5739
baksa,0.3799,0.5
balaghat,0.0768,0.74
balangir,0.0665,0.5
balasore,0.5,0.6307
baleshwar,0.3003,0.5
ballari,0.1372,0.5
ballia,0.4222,0.5473
balod,0.0027,0.5
baloda bazar,0.0699,0.5
balodabazarbhatapara,0.0022,0.5
balrampur,0.1332,0.5
bametara,0.0505,0.5
banas kantha,0.0618,0.5
banaskantha,0.5,0.6464
banda,0.2072,0.7037
bandipora,0.039,0.5
bandipore,0.041,0.5
bangalore,0.0024,0.6308
banka,0.1114,0.5
bankura,0.0751,0.4861
banswara,0.061,0.6945
bara banki,0.2143,0.5
barabanki,0.5,0.4664
baramula,0.0193,0.5
baramulla,0.0671,0.5
baran,0.1098,0.5
bareilly,0.1813,0.4905
bargarh,0.07,0.5
barmer,0.0704,0.7917
barnala,0.0851,0.5
barpeta,0.5791,0.5
barwani,0.0405,0.5
bastar,0.0562,0.6959
basti,0.2193,0.5495
bathinda,0.1769,0.5
baudh,0.0362,0.5
beed,0.1299,0.8187
beedar,0.0779,0.5
begusarai,0.5485,0.5
belagavi,0.1558,0.5
belgaum,0.5,0.7042
bellary,0.5,0.5099
bemetara,0.0043,0.5
bengaluru rural,0.1909,0.5
bengaluru urban,0.1147,0.5
betul,0.0619,0.6971
bhadohi,0.2828,0.5
bhadradri bhadradri kothagudem,0.0022,0.5
bhadradri bhadradri kothagudem bhadradri kothagudem,0.0087,0.5
bhadradri bhadradri kothagudem kothagudem,0.0022,0.5
bhadradri kothagudem,0.0287,0.5
bhadrak,0.2472,0.5
bhagalpur,0.4075,0.609
bhandara,0.1641,0.7463
bhandara chandrapur,0.0022,0.5
bharatpur,0.1144,0.4799
bharuch,0.1468,0.7458
bhatinda,0.5,0.0979
bhavnagar,0.0848,0.5992
bhilwara,0.07,0.6132
bhind,0.0916,0.4974
bhiwani,0.0896,0.5
bhojpur,0.2222,0.5
bhopal,0.0952,0.5
bhubaneshwar,0.0022,0.5
bid,0.0058,0.5
bidar,0.0162,0.7683
bijapur,0.1192,0.5
bijapur / vijayapura,0.5,0.6782
bijapur surendranagar,0.0022,0.5
bijnor,0.1409,0.417
bikaner,0.0924,0.6764
bilashpur,0.5,0.6859
bilaspur,0.1653,0.7283
birbhum,0.1555,0.4219
bishnupur,0.013,0.5
biswanath,0.2551,0.5
bokaro,0.0135,0.5
bolangir,0.5,0.6447
bombay,0.5,0.9461
bongaigaon,0.3681,0.5
botad,0.0748,0.5
boudh,0.0476,0.5
budaun,0.1574,0.5081
budgam,0.0498,0.5
buland shahar,0.5,0.3787
bulandshahr,0.1689,0.5
buldana,0.003,0.5
buldhana,0.132,0.7909
bundi,0.1071,0.4812
burdwan,0.5,0.4248
burhanpur,0.0556,0.5
buxar,0.1921,0.5
cachar,0.5288,0.6624
central,0.1881,0.5
central part of uttar kashi pradesh,0.0022,0.5
chamarajanagara,0.0432,0.5
chamarajanagaraa,0.0195,0.5
chamarajanagaraa  kalaburagi,0.0022,0.5
chamarajanagaraa chikkaballapura,0.013,0.5
chamarajanagaraa chitradurga,0.0022,0.5
chamarajanagaraa davangere,0.0022,0.5
chamarajanagaraa gadag,0.0022,0.5
chamarajanagaraa hassan,0.0043,0.5
chamba,0.1646,0.6834
chamoli,0.101,0.7111
champaran,0.5,0.6154
champawat,0.0431,0.5
champhai,0.0411,0.5
chandauli,0.2211,0.5
chandel,0.022,0.5
chandigarh,0.0411,0.5
chandrapur,0.1645,0.7657
changlang,0.1031,0.5
charaideo,0.4218,0.5
charki dadri,0.0419,0.5
chatra,0.0245,0.5
chengalpattu,0.0864,0.5
chengalpattu mgr / kanchipuram,0.5,0.6171
chennai,0.2012,0.5
chhatarpur,0.0585,0.7382
chhatisgarh,0.0022,0.5
chhindwara,0.0723,0.6719
chickmagalur,0.5,0.6248
chikkaballapura,0.0818,0.5
chikkamagaluru,0.0579,0.5
chikodi,0.0022,0.5
chirang,0.266,0.5
chitradurga,0.0775,0.4919
chitrakoot,0.1149,0.5
chittaurgarh,0.0007,0.5
chittoor,0.0518,0.6756
chittorgarh,0.0303,0.5509
chota udaipur,0.0327,0.5
chumanung,0.0022,0.5
churachandpur,0.0285,0.5
churu,0.0597,0.7575
coastal districts of andhra pradesh,0.0022,0.5
coimbatore,0.0781,0.6287
cooch behar,0.2302,0.5961
cuddalore,0.1892,0.5
cuttack,0.3692,0.6291
dadra  nagar haveli,0.0628,0.5
dadra and nagar haveli,0.0043,0.5
dahod,0.0303,0.5
dakshin bastar dantewada,0.0397,0.5
dakshin dinajpur,0.1659,0.5
dakshina kannada,0.1841,0.7285
daman,0.0327,0.5
damoh,0.0664,0.7439
dangs,0.0584,0.6655
darbhanga,0.3579,0.6684
darjeeling,0.1537,0.6268
darjeelingm,0.0022,0.5
darjiling,0.0406,0.5
darrang,0.5896,0.7041
datia,0.0718,0.6613
dausa,0.043,0.5
davanagere,0.0071,0.5
davangere,0.0693,0.5
debagarh,0.0005,0.5
dehradun,0.0984,0.5872
deogarh,0.0433,0.5
deoghar,0.0258,0.5
deoria,0.2841,0.4915
devbhumi dwarka,0.0027,0.5
devbhumi dwarka dwarka,0.0606,0.5
dewas,0.048,0.693
dhalai,0.0569,0.5
dhamtari,0.0075,0.5
dhanbad,0.0109,0.6983
dhar,0.0546,0.7116
dharashiv,0.0952,0.5
dharmapuri,0.0377,0.5
dharwad,0.1272,0.7756
dhaulpur,0.0589,0.5
dhemaji,0.6359,0.5
dhenkanal,0.0793,0.6388
dholpur,0.0519,0.5
dhubri,0.4616,0.5
dhule,0.0589,0.732
dibang valley,0.0541,0.5
dibrugarh,0.5877,0.6814
different  jammu,0.0022,0.5
dima hasao,0.2082,0.5
dimapur,0.0428,0.5
dindigul,0.0492,0.5
dindori,0.0545,0.5
districts,0.0087,0.5
districts of assam,0.0043,0.5
districts of cauvery delta,0.0022,0.5
districts of cauvery delta zone,0.0022,0.5
districts of orissa,0.0022,0.5
districts of rajasthan,0.0022,0.5
diu,0.0174,0.5
doda,0.0772,0.5
dohad,0.0027,0.5
dumka,0.0135,0.5
dungarpur,0.0367,0.7149
durg,0.0373,0.7758
east,0.0432,0.5
east  west godavari,0.0043,0.5
east  west purba purba medinipur,0.0022,0.5
east district,0.0176,0.5
east east jaintia hills,0.0108,0.5
east garo hills,0.034,0.5
east godavari,0.1628,0.6354
east jaintia hills,0.0409,0.5
east kameng,0.0779,0.5
east khasi hills,0.059,0.5
east nimar,0.024,0.5
east siang,0.104,0.5
east uttar kashi pradesh,0.013,0.5
east west singhbhum,0.0022,0.5
entire village,0.0022,0.5
eranakulam,0.5,0.7694
ernakulam,0.2085,0.5
ernakulam ant thiruvananthapuram,0.0022,0.5
ernakulam kannur,0.0022,0.5
erode,0.0506,0.5
etah,0.0987,0.48
etawah,0.2817,0.4059
faizabad,0.0806,0.4629
faridabad,0.1874,0.5
faridkot,0.1611,0.5
farrukhabad,0.216,0.426
fatehabad,0.2345,0.5
fatehgarh sahib,0.0707,0.5
fatehpur,0.2245,0.5162
fazilka,0.1523,0.5
ferozepur,0.0887,0.5
ferozpur,0.5,0.0989
few districts,0.0022,0.5
firozabad,0.1607,0.5
firozpur,0.1712,0.5
gadag,0.103,0.5
gadchiroli,0.1607,0.5
gadchiroli yavotmal,0.0022,0.5
gajapati,0.0621,0.5
ganderbal,0.0814,0.5
gandhinagar,0.0704,0.5
ganganagar,0.1915,0.3423
gangtok,0.0779,0.5
ganjam,0.1329,0.5896
garhwa,0.0267,0.5
garhwal,0.0587,0.7531
gariaband,0.0107,0.5
gautam buddha nagar,0.1616,0.5
gaya,0.1644,0.5749
ghat area,0.0022,0.5
ghaziabad,0.1216,0.5
ghazipur,0.1795,0.5346
ghazipurr,0.0866,0.5
gir somnath,0.0767,0.5
giridih,0.018,0.5
goa,0.0087,0.5
goalpara,0.572,0.6982
godda,0.0195,0.5
golaghat,0.5311,0.5
gomati,0.0944,0.5
gonda,0.2144,0.5512
gondia,0.0866,0.5
gondiya,0.0023,0.5
gopalganj,0.2196,0.5
gorakhpur,0.3521,0.5052
greater kolkata area,0.0022,0.5
gulbarga / kalaburagi,0.5,0.6607
gumla,0.0252,0.5
guna,0.0508,0.7437
guntur,0.2692,0.6226
gurdaspur,0.2665,0.2389
gurgaon,0.5,0.3153
gurugram,0.0593,0.5
gwalior,0.0488,0.503
gyalshing,0.0411,0.5
hailakandi,0.551,0.5
hamirpur,0.3238,0.6759
hanumangarh,0.1044,0.5
hapur,0.0886,0.5
harda,0.0563,0.5
hardoi,0.1916,0.4898
hardwar,0.0397,0.5
haridwar,0.0195,0.5
hassan,0.0941,0.6782
hathras,0.0844,0.5
haveri,0.0805,0.5
hazaribagh,0.0341,0.6969
heavy rains hazaribagh,0.0022,0.5
hilly areas,0.0022,0.5
himachal pradesh,0.0087,0.5
hingoli,0.0693,0.5
hisar,0.1352,0.5
hissar,0.5,0.171
hojai,0.2758,0.5
hooghly,0.266,0.4629
hoshangabad,0.0291,0.577
hoshiarpur,0.1102,0.2512
howrah,0.4791,0.5666
hyderabad,0.0844,0.6214
hyderabad   telangana,0.0022,0.5
idukki,0.2512,0.5
imphal east,0.2756,0.5
imphal west,0.0963,0.5
indore,0.0813,0.696
itanagar,0.0433,0.5
jabalpur,0.08,0.7368
jagatsinghapur,0.0493,0.5
jagdalpur,0.0065,0.5
jagitial,0.0319,0.5
jaipur,0.1081,0.6557
jaisalmer,0.0514,0.7788
jajapur,0.2985,0.5
jalandhar,0.2144,0.1097
jalaun,0.1731,0.6067
jalgaon,0.1233,0.7038
jalna,0.0987,0.5
jalor,0.0285,0.5
jalore,0.0433,0.8232
jaloree,0.0065,0.5
jalpaiguri,0.2157,0.6156
jammu,0.1375,0.5
jamnagar,0.0693,0.6726
jamtara,0.0205,0.5
jamui,0.0758,0.5
jangoan,0.0068,0.5
janjgir  champa,0.0408,0.5
janjgirchampa,0.0108,0.5
jashpur,0.0142,0.5
jaunpur,0.1915,0.5107
jawad,0.0022,0.5
jayashankar,0.1105,0.5
jayashankar bhupalapally,0.0152,0.5
jehanabad,0.289,0.5
jhabua,0.0384,0.7263
jhajjar,0.0562,0.5
jhalawar,0.0848,0.5404
jhansi,0.0927,0.6758
jhargram,0.0376,0.5
jharkhand,0.0022,0.5
jharsuguda,0.0489,0.5
jhelum,0.0022,0.5
jhunjhunu,0.026,0.6881
jhunjhunun,0.0093,0.5
jind,0.0781,0.279
jiribam,0.1216,0.5
jodhpur,0.1005,0.7845
jogulamba gadwal,0.0384,0.5
jorhat,0.4352,0.5
junagadh,0.1378,0.5118
kabeerdham,0.0163,0.5
kachchh,0.1325,0.5
kadapa ysr,0.5,0.6205
kaimur bhabua,0.1288,0.5
kaithal,0.0963,0.5
kakching,0.0832,0.5
kalaburagi,0.1266,0.5
kalahandi,0.0842,0.7011
kalimpong,0.0289,0.5
kallakurichi,0.0578,0.5
kamareddy,0.0266,0.5
kamjong,0.0189,0.5
kamle,0.0778,0.5
kamrup,0.573,0.7068
kamrup metro,0.2165,0.5
kamrup metropolitan,0.279,0.5
kancheepuram,0.0697,0.5
kandhamal,0.0807,0.5
kangpokpi,0.02,0.5
kangra,0.2203,0.6858
kannauj,0.1478,0.5
kanniyakumari,0.0087,0.5
kanniyakumariumari,0.0498,0.5
kannur,0.2469,0.7673
kanpur,0.5,0.4293
kanpur dehat,0.0653,0.5
kanpur nagar,0.1161,0.5
kanpur nagar dehat,0.1104,0.5
kanpur nagar nagar,0.0866,0.5
kanpur nagardehat,0.0022,0.5
kanyakumari,0.5,0.5535
kapurthala,0.158,0.1402
karaikal,0.0081,0.5
karauli,0.0374,0.5
karbi anglong,0.1992,0.6683
kargil,0.0234,0.5
karimganj,0.7084,0.5
karimnagar,0.063,0.5795
karnal,0.1228,0.2048
karnataka,0.0043,0.5
karur,0.0646,0.5
kasaragod,0.1938,0.5
kasganj,0.3016,0.5
kashmir,0.0043,0.5
kashmir valley,0.013,0.5
kathua,0.0637,0.5
katihar,0.3822,0.5
katni,0.0372,0.5
kaushambi,0.1798,0.5
kendrapara,0.4545,0.5
kendujhar,0.1038,0.5
keonjhar,0.5,0.6687
khagaria,0.3604,0.5
khammam,0.0931,0.6989
khandwa / east nimar,0.5,0.6884
khargone / west nimar,0.5,0.6718
khargone khargone west nimar,0.0606,0.5
kheda,0.1165,0.5237
kheri,0.2724,0.4647
khordha,0.1083,0.5
khowai,0.0621,0.5
khunti,0.0264,0.5
khurja,0.0022,0.5
kinnaur,0.1391,0.7123
kiphire,0.0269,0.5
kishanganj,0.2889,0.5
kishtwar,0.0579,0.5
kochi,0.0022,0.5
kodagu,0.1456,0.5
kodagu / coorg,0.5,0.7052
kodarma,0.0,0.5
koderma,0.0043,0.5
kohima,0.0285,0.5
kokrajhar,0.2135,0.5
kokrajhar darrang,0.0022,0.5
kolar,0.0638,0.6638
kolasib,0.0465,0.5
kolhapur,0.1337,0.4886
kolkata,0.1972,0.5
kollam,0.2058,0.7348
kollam kozhikode,0.0022,0.5
kondagaon,0.0228,0.5
koppal,0.0647,0.5
koraput,0.1013,0.6547
korba,0.0131,0.5
korea,0.0022,0.5
koriya,0.0101,0.5
kota,0.1608,0.4743
kottayam,0.253,0.6974
kozhikode,0.2615,0.7707
kra daadi,0.0865,0.5
krishna,0.0973,0.6441
krishnagiri,0.0573,0.5
kulgam,0.0373,0.5
kullu,0.2124,0.654
kumuram bheem asifabad,0.0348,0.5
kupwara,0.0608,0.5
kurnool,0.0797,0.5927
kurukshetra,0.1619,0.5
kurung kumey,0.0659,0.5
kushinagar,0.1497,0.5
kutch,0.5,0.7013
lahul  spiti,0.0003,0.5
lahul  spitti,0.0022,0.5
lahul & spiti,0.5,0.8607
lahul and spiti,0.0866,0.5
lakhimpur,0.7777,0.7321
lakhisarai,0.3338,0.5
lakshadweep,0.0847,0.5
lalitpur,0.0586,0.5
latehar,0.0159,0.5
latur,0.0997,0.5
lawngtlai,0.0743,0.5
leh,0.0004,0.5
leh ladakh,0.0108,0.5
lepa rada,0.0184,0.5
leparada,0.0325,0.5
lohardaga,0.0276,0.5
lohit,0.1277,0.5
longding,0.0568,0.5
longleng,0.0622,0.5
lower dibang valley,0.0794,0.5
lower lower subansiri,0.0455,0.5
lower siang,0.0828,0.5
lower subansiri,0.0197,0.5
lucknow,0.1547,0.544
ludhiana,0.1834,0.0
lunglei,0.0736,0.5
madhepura,0.1801,0.5
madhubani,0.2243,0.5
madurai,0.0669,0.5401
mahabubabad,0.0182,0.5
mahabubnagar,0.0564,0.6684
maharashtra,0.0043,0.5
mahasamund,0.0219,0.5
mahe,0.0073,0.5
mahendragarh,0.0357,0.5
mahendragarh / narnaul,0.5,0.4196
mahesana,0.0601,0.5
mahisagar,0.0451,0.5
mahoba,0.0613,0.5
mahrajganj,0.1251,0.5
mainpuri,0.138,0.442
majuli,0.3368,0.5
malappuram,0.2455,0.7681
malda,0.0844,0.4378
maldah,0.2349,0.5
malikkeri,0.0022,0.5
malkangiri,0.0513,0.5
mamit,0.0444,0.5
manali,0.013,0.5
mancachar,0.0411,0.5
mancherial,0.0348,0.5
mandi,0.2082,0.7026
mandla,0.0466,0.7972
mandsaur,0.0419,0.6671
mandya,0.0949,0.6101
mangalbari,0.0022,0.5
mangalore,0.013,0.5
mangan,0.0411,0.5
mansa,0.1212,0.5
many  tamil nadu,0.0022,0.5
many  the state,0.0043,0.5
many districts of south bengal,0.0022,0.5
many districts of tamil nadu,0.0043,0.5
many districts of uttar kashi pradesh,0.0043,0.5
many parts,0.0195,0.5
marathwada,0.0043,0.5
marigaon,0.2922,0.5
mathura,0.1797,0.4232
mau,0.159,0.5
mayurbhanj,0.0905,0.5
mayurbhanja,0.5,0.643
medak,0.0604,0.6233
medchal malkajgiri,0.0135,0.5
medinipur west,0.1654,0.5
meerut,0.1516,0.3545
meghalaya,0.0087,0.5
mehsana,0.5,0.4733
midnapur,0.5,0.5226
mirpur,0.0353,0.5
mirzapur,0.1586,0.5
mirzpur,0.5,0.6288
moga,0.1184,0.5
mokokchung,0.0276,0.5
mon,0.0602,0.5
moradabad,0.1613,0.4429
morbi,0.0582,0.5
morena,0.0952,0.4453
morigaon,0.2855,0.5
most of the districts,0.0108,0.5
most parts,0.0022,0.5
most upper lower subansiri,0.0022,0.5
mudigere,0.0022,0.5
mulugu,0.0585,0.5
mumbai,0.3745,0.5
mumbai colaba,0.0022,0.5
mumbai suburban,0.0585,0.5
mungair,0.5,0.6176
mungeli,0.0432,0.5
munger,0.4012,0.5
murshidabad,0.3176,0.4467
muzaffarabad,0.0372,0.5
muzaffarnagar,0.1223,0.3583
muzaffarpur,0.3853,0.6547
mysore,0.5,0.5929
mysuru,0.1184,0.5
nabarangapur,0.0092,0.5
nabarangpur,0.0065,0.5
nadia,0.2902,0.435
nagaland,0.0022,0.5
nagaon,0.6693,0.6837
nagapattinam,0.2377,0.5
nagarkoil,0.0022,0.5
nagarkurnool,0.0337,0.5
nagaur,0.0499,0.7766
nagpur,0.3915,0.7212
nainital,0.0548,0.3258
nalanda,0.4603,0.5
nalbari,0.4338,0.5
nalgonda,0.0435,0.6521
namakkal,0.0364,0.5
namchi,0.039,0.5
namsai,0.119,0.5
nanded,0.1672,0.7897
nandurbar,0.0652,0.5
narayanpet,0.0314,0.5
narayanpur,0.0164,0.5
narmada,0.12,0.5
narmadapuram,0.0584,0.5
narsimhapur,0.07,0.5
narsinghpur,0.5,0.5629
nashik,0.1863,0.5
nasik,0.5,0.7071
navsari,0.1128,0.5
nawada,0.1195,0.5
nayagarh,0.1504,0.5
neemuch,0.027,0.5
neighborhood,0.0022,0.5
neighbourhood,0.0043,0.5
new delhi,0.0263,0.5
new new delhi,0.0563,0.5
nicobars,0.0019,0.5
nirmal,0.0308,0.5
niwari,0.0626,0.5
nizamabad,0.0616,0.5597
noney,0.0675,0.5
north,0.0776,0.5
north   middle andaman,0.0278,0.5
north  district,0.0013,0.5
north  parganas,0.1039,0.5
north and middle andaman,0.0043,0.5
north arcot / vellore,0.5,0.6177
north bengal,0.0087,0.5
north cachar hil / dima hasao,0.5,0.6934
north east,0.0656,0.5
north garo hills,0.0449,0.5
north goa,0.0724,0.5
north tripura,0.0954,0.5
north twenty four pargan,0.2376,0.5
north west,0.0367,0.5
north westduar,0.013,0.5
north westdusar,0.0022,0.5
northern parts,0.0043,0.5
ntr,0.0022,0.5
nuapada,0.0685,0.5
nuh,0.038,0.5
orissa,0.0022,0.5
osmanabad,0.0,0.833
out of  districts,0.0022,0.5
pak,0.0065,0.5
pakke kessang,0.0689,0.5
pakur,0.0875,0.5
palakkad,0.1914,0.7189
palamau,0.5,0.7621
palampur,0.0022,0.5
palamu,0.042,0.5
palghar,0.0949,0.5
pali,0.0754,0.7633
palnadu,0.0022,0.5
palwal,0.0617,0.5
panch mahals,0.0623,0.5
panchkula,0.0601,0.5
panchmahal,0.5,0.6875
panipat,0.0819,0.5
panna,0.0395,0.7783
papum pare,0.0802,0.5
parbhani,0.1756,0.7941
paschim bardhaman,0.0367,0.5
paschim medinipur,0.0022,0.5
paschim purba bardhaman,0.013,0.5
paschim purba medinipur,0.0541,0.5
pashchim champaran,0.2732,0.5
pashchimi singhbhum,0.0184,0.5
pashchimi west singhbhum,0.0087,0.5
patan,0.0982,0.5
pathanamthitta,0.1833,0.5
pathankot,0.0788,0.5
patiala,0.2185,0.0789
patna,0.5521,0.5449
peddapalli,0.0615,0.5
perambalur,0.0475,0.5
peren,0.0189,0.5
phek,0.046,0.5
pherzawl,0.0588,0.5
phulbani ( kandhamal ),0.5,0.6755
pilibhit,0.1272,0.3721
pithoragarh,0.0673,0.5
pithorgarh,0.5,0.7048
pondicherry,0.013,0.5
poonch,0.0887,0.5
porbandar,0.1636,0.5
prakasam,0.09,0.5
pratapgarh,0.1717,0.5443
prayagraj,0.2911,0.5
puducherry,0.0199,0.5
pudukkottai,0.052,0.5
pulwama,0.1326,0.5
punch,0.0144,0.5
pune,0.3011,0.6595
purba bardhaman,0.2025,0.5
purba champaran,0.1987,0.5
purba medinipur,0.4077,0.5
purba purba bardhaman,0.0433,0.5
purba purba medinipur,0.0758,0.5
purbi champaran,0.1472,0.5
purbi singhbhum,0.0349,0.5
purbi west singhbhum,0.0108,0.5
puri,0.0977,0.6679
purnea,0.5,0.6596
purnia,0.2442,0.5
purulia,0.0433,0.5597
puruliya,0.0065,0.5
rae bareli,0.1855,0.5
rae-bareily,0.5,0.5455
raichur,0.1437,0.5896
raigad,0.0087,0.7147
raigarh,0.1239,0.7138
raipur,0.0688,0.7049
raisen,0.0666,0.7055
rajanna sircilla,0.0087,0.5
rajasthan,0.0022,0.5
rajgarh,0.0533,0.7279
rajkot,0.0953,0.5896
rajnandgaon,0.0334,0.5
rajouri,0.0774,0.5
rajsamand,0.0338,0.5
ramagiri,0.0022,0.5
ramanagara,0.0505,0.5
ramananthapuram,0.5,0.7833
ramanathapuram,0.0743,0.5
ramban,0.0657,0.5
ramgarh,0.0244,0.5
rampur,0.1649,0.4016
ranchi,0.0531,0.7164
ranga reddy,0.0299,0.5
ranipet,0.0462,0.5
ratlam,0.0449,0.656
ratnagiri,0.1529,0.7082
rayagada,0.0761,0.5
reasi,0.0782,0.5
rewa,0.0628,0.7484
rewari,0.0478,0.5
ri bhoi,0.0238,0.5
ribhoi,0.0363,0.5
rohtak,0.0666,0.3462
rohtas,0.1534,0.5
roopnagar / ropar,0.5,0.1828
rudra prayag,0.0411,0.5
rudraprayag,0.0297,0.5
rugi,0.0022,0.5
rupnagar,0.2593,0.5
rural,0.0022,0.5
s.p.s. nellore,0.5,0.634
sabar kantha,0.0675,0.5
sabarkantha,0.5,0.5403
sagar,0.068,0.7881
saharanpur,0.1348,0.4322
saharsa,0.2926,0.6638
sahebganj,0.013,0.5
sahibganj,0.1216,0.5
sahibzada ajit singh nag,0.0022,0.5
saiha,0.0625,0.5
salem,0.0495,0.5623
samastipur,0.4276,0.5
samba,0.0501,0.5
sambalpur,0.0918,0.6149
sambhal,0.1074,0.5
sangareddy,0.0218,0.5
sangli,0.0787,0.5845
sangrur,0.1211,0.0126
sant kabir nagar,0.194,0.5
santal pargan,0.0022,0.5
santhal paragana / dumka,0.5,0.6727
saraikela kharsawan,0.0043,0.5
saraikelakharsawan,0.0063,0.5
saran,0.3747,0.6018
sas nagar,0.0563,0.5
satara,0.1105,0.612
satna,0.0304,0.7407
sawai madhopur,0.0856,0.5
sehore,0.0681,0.6653
senapati,0.0237,0.5
seoni,0.0565,0.5
seoni / shivani,0.5,0.7389
sepahijala,0.0411,0.5
serchhip,0.0433,0.5
several other district andhra pradesh,0.0022,0.5
shahabad (now part of bhojpur district),0.5,0.4914
shahdara,0.0346,0.5
shahdol,0.0282,0.7891
shahid bhagat singh nagar,0.2785,0.5
shahjahanpur,0.1829,0.3993
shajapur,0.039,0.6891
shamli,0.0978,0.5
sheikhpura,0.1435,0.5
sheohar,0.2815,0.5
sheopur,0.0499,0.5
shi yomi,0.0512,0.5
shimla,0.2602,0.735
shimoge,0.5,0.6772
shivamogga,0.0968,0.5
shivpuri,0.0337,0.6541
shopian,0.0368,0.5
shrawasti,0.165,0.5
shupiyan,0.0229,0.5
siaha,0.013,0.5
siang,0.086,0.5
sibsagar,0.5,0.6589
siddharthnagar,0.3525,0.5
siddipet,0.0188,0.5
sidhi,0.055,0.7875
sikar,0.0544,0.7144
sikkim,0.0087,0.5
silchar,0.0043,0.5
siliguri,0.0043,0.5
simdega,0.024,0.5
sindhudurg,0.1333,0.5
singhbhum,0.5,0.7412
singrauli,0.0387,0.5
sipahijala,0.0127,0.5
sirmaur,0.1571,0.6734
sirohi,0.0551,0.6839
sirsa,0.2549,0.5
sitamarhi,0.2277,0.5
sitapur,0.2208,0.5556
sivaganga,0.0582,0.5
sivasagar,0.6293,0.5
sivasagar amd sonitpur,0.0022,0.5
siwan,0.2373,0.5
solan,0.1488,0.6355
solapur,0.0996,0.7713
some districts of punjab,0.0022,0.5
some parts,0.013,0.5
sonbhadra,0.0641,0.5
sonipat,0.0819,0.5
sonitpur,0.4585,0.5
south,0.0326,0.5
south  parganas,0.0996,0.5
south andaman,0.0306,0.5
south andamans,0.0022,0.5
south arcot / cuddalore,0.5,0.611
south assam,0.0022,0.5
south district,0.032,0.5
south east,0.0458,0.5
south garo hills,0.0421,0.5
south goa,0.0769,0.5
south gujarat,0.0022,0.5
south kashmir,0.0022,0.5
south salmara mancachar,0.4747,0.5
south salmara mancachar  mankachar,0.0022,0.5
south salmara mancachar mankachar,0.0022,0.5
south tripura,0.0738,0.5
south twenty four pargan,0.2016,0.5
south west,0.1053,0.5
south west garo hills,0.0859,0.5
south west khasi hills,0.0483,0.5
southern parts,0.0043,0.5
sri muktsar sahib,0.0527,0.5
sri potti sriramulu nell,0.0146,0.5
sri potti sriramulu nellore,0.0671,0.5
sri sri muktsar sahib sahib,0.0519,0.5
srikakulam,0.1206,0.7569
srinagar,0.0622,0.5
sshrawasti,0.0649,0.5
sshrawasti   east up,0.0022,0.5
subarnapur,0.0916,0.5
suburbans,0.0022,0.5
sukma,0.0332,0.5
sultanpur,0.1916,0.5124
sundargarh,0.0883,0.6622
supaul,0.2573,0.5
surajpur,0.0258,0.5
surat,0.2147,0.5145
surendranagar,0.0999,0.5689
surguja,0.0172,0.7486
suryapet,0.0348,0.5
swami madhopur,0.5,0.5706
tamenglong,0.051,0.5
tapi,0.0584,0.5
tarn taran,0.1706,0.5
tawang,0.0878,0.5
tehri garhwal,0.0677,0.7003
telangana,0.0022,0.5
tengnoupal,0.0201,0.5
tenkasi,0.0238,0.5
thane,0.2365,0.6839
thanjavur,0.2105,0.6667
the dangs,0.048,0.5
the nilgiris,0.06,0.6433
theni,0.031,0.5
thirunelveli,0.5,0.5361
thiruvallur,0.0462,0.5
thiruvananthapuram,0.505,0.7508
thiruvarur,0.0938,0.5
thoothukkudi,0.0437,0.5
thoubal,0.5191,0.5
thrissur,0.2896,0.7401
tikamgarh,0.0339,0.7036
tinsukia,0.2722,0.5
tirap,0.0545,0.5
tiruchirapalli / trichy,0.5,0.5869
tiruchirappalli,0.1214,0.5
tirunelveli,0.0434,0.5
tirupathur,0.0338,0.5
tiruppur,0.0398,0.5
tiruvannamalai,0.0744,0.5
tonk,0.0547,0.7176
tripura,0.0043,0.5
tuensang,0.0159,0.5
tumakuru,0.0791,0.5
tumkur,0.5,0.6026
udaipur,0.0801,0.6481
udaiur,0.0022,0.5
udalguri,0.2222,0.5
udam singh nagar,0.0195,0.5
udham singh nagar,0.027,0.5
udhampur,0.0728,0.5
udupi,0.0846,0.5
ujjain,0.0691,0.7225
ukhrul,0.0228,0.5
umaria,0.0282,0.5
una,0.1129,0.5
unakoti,0.0455,0.5
unnao,0.1717,0.5608
unokoti,0.5,0.5
upper dibang valley,0.0151,0.5
upper lower subansiri,0.0519,0.5
upper siang,0.1003,0.5
upper subansiri,0.0245,0.5
urban,0.0022,0.5
uttar bastar kanker,0.0155,0.5
uttar dinajpur,0.1411,0.5
uttar kashi,0.0043,0.6666
uttar kashi bastar kanker,0.0108,0.5
uttar kashi dinajpur,0.0216,0.5
uttar kashi kashi,0.0541,0.5
uttar kashia,0.0022,0.5
uttar kashia kannada,0.1537,0.5
uttar kashiakhand,0.0065,0.5
uttar pradesh,0.0065,0.5
uttara kannada,0.0512,0.7797
uttarkashi,0.0078,0.5
vadodara,0.1445,0.5
vadodara / baroda,0.5,0.6196
vaishali,0.4544,0.5
valsad,0.1191,0.4515
varanasi,0.1977,0.4932
various  nagaland,0.0022,0.5
vellore,0.0482,0.5
vidisha,0.0676,0.7493
vijayapura,0.0305,0.5
vikarabad,0.0191,0.5
viluppuram,0.1087,0.5
virudhunagar,0.0696,0.5
visakhapatnam,0.0719,0.7886
vizianagaram,0.0535,0.5
wanaparthy,0.1108,0.5
warangal,0.355,0.6358
warangal rural,0.0009,0.5
warangal urban,0.0028,0.5
wardha,0.1652,0.785
washim,0.1688,0.5
wayanad,0.3323,0.5
west,0.1471,0.5
west bengal,0.0043,0.5
west dinajpur,0.5,0.5058
west district,0.0145,0.5
west east jaintia hills,0.0108,0.5
west garo hills,0.0618,0.5
west godavari,0.1615,0.6143
west jaintia hills,0.0348,0.5
west kameng,0.2196,0.5
west karbi anglong,0.1182,0.5
west khasi hills,0.049,0.5
west madhya pradesh,0.0022,0.5
west nimar,0.0267,0.5
west siang,0.0651,0.5
west singhbhum,0.0022,0.5
west tripura,0.0887,0.5
wokha,0.0372,0.5
yadadri bhuvanagiri,0.0159,0.5
yadadri yadadri bhuvanagiri,0.0022,0.5
yadadri yadadri bhuvanagiri yadadri bhuvanagiri,0.0065,0.5
yadgir,0.0726,0.5
yamunanagar,0.1754,0.5
yanam,0.0654,0.5
yavatmal,0.158,0.5
yeotmal,0.5,0.7954
ysr,0.0486,0.5
zunheboto,0.0179,0.5
