delta_ndvi,delta_ndwi,delta_sar,is_historical_flood,is_historical_drought,rainfall_mm,weather_flood_risk,weather_drought_risk,label
-0.007191077779208761,0.5460245005691988,-3.2668062352098883,1,0,21.63429561100729,1,0,FLOOD
-0.06698696241691601,0.6235112643931453,-4.8077274454731525,1,0,6.617204099732377,1,0,FLOOD
-0.07237322942985529,0.632948820612706,-3.1180542539950515,1,0,8.461817483767854,1,0,FLOOD
-0.059153976156619145,0.3146469559993972,-4.635224652770022,1,0,20.03547750032988,1,0,FLOOD
0.0649335670083848,0.4123399292136689,-1.8949711519846808,1,0,11.052474550839475,1,0,FLOOD
0.022997234746393765,0.3630181626771616,-4.544931144586779,1,0,20.41126503820751,1,0,FLOOD
-0.021442504830321642,0.4755642588662832,-2.355196618934164,1,0,19.942000637698868,1,0,FLOOD
-0.0698412584331404,0.23532078996158193,-3.777727020806855,1,0,17.159563365575753,1,0,FLOOD
-0.05534937621078531,0.5978909079937822,-3.7957866640697215,1,0,13.526908533160235,1,0,FLOOD
0.09099345855249101,0.36805716464095983,-3.335665573470546,1,0,22.57783959687009,1,0,FLOOD
0.09323597032904594,0.2972454631168699,-2.135077358633835,1,0,22.785828312674756,1,0,FLOOD
0.043672791735130015,0.3172073547819094,-4.787923548157643,1,0,13.241073212562517,1,0,FLOOD
0.035467785377136435,0.40791630530456524,-2.9171354596884207,1,0,13.47397108272054,1,0,FLOOD
0.0008793857700521082,0.6401278257607603,-2.1812330231794674,1,0,6.589779675252488,1,0,FLOOD
-0.035310404902885506,0.5089671447975449,-4.4585243154573275,1,0,24.40374680167319,1,0,FLOOD
-0.01433535628052433,0.34385555096341264,-2.6659989297943545,1,0,9.771363148358846,1,0,FLOOD
-0.09176411227229328,0.326727699664431,-4.068086761823549,1,0,23.1603134000218,1,0,FLOOD
-0.09525013036820246,0.5365037568133827,-5.024386544817523,1,0,18.022558556179295,1,0,FLOOD
0.08380024378582886,0.3326639274060852,-4.110649594105451,1,0,10.093874927597293,1,0,FLOOD
-0.039078376111099516,0.29939569595233584,-2.103839798214258,1,0,10.077810347508688,1,0,FLOOD
0.03414790928036005,0.5411494272378025,-2.520330190569774,1,0,19.162015383978293,1,0,FLOOD
-0.10046897669804035,0.5506544077884801,-4.340466780978503,1,0,6.496909710648814,1,0,FLOOD
-0.011578548262435307,0.4571095232543264,-2.092641034827015,1,0,18.560449617009017,1,0,FLOOD
0.007611204115061978,0.2778083619021751,-3.7261755453657956,1,0,5.236527687658226,1,0,FLOOD
-0.05444596411434672,0.5340330581958346,-3.1352688375038027,1,0,13.837376136649016,1,0,FLOOD
0.030854942443392083,0.5773628573673766,-4.561767377055844,1,0,18.978773580820324,1,0,FLOOD
0.0263727739437419,0.35643978317118774,-4.529766727919551,1,0,17.033654990687737,1,0,FLOOD
0.02633235126999215,0.5036351305908708,-2.7768103189855067,1,0,13.13797700808359,1,0,FLOOD
-0.07124254517969357,0.28766283536479675,-4.023801104101179,1,0,14.095928659392264,1,0,FLOOD
0.020103285188062408,0.2688356811899313,-2.4710515004563227,1,0,12.515296611933362,1,0,FLOOD
0.00792572346208513,0.5504243779098575,-3.0881411274867587,1,0,9.168542631814828,1,0,FLOOD
-0.06023046656744072,0.37937404490261384,-3.2227159227521947,1,0,10.142276846123709,1,0,FLOOD
-0.052366262247652506,0.5875775622924939,-4.264443004807306,1,0,10.636092210215102,1,0,FLOOD
-0.0005017571769063646,0.5323312748240802,-2.453099813783803,1,0,16.71427797766427,1,0,FLOOD
-0.09455066245520434,0.390371722525182,-3.057932183658627,1,0,15.703093195621202,1,0,FLOOD
0.06376403436104489,0.31002648866952254,-3.487941751864523,1,0,9.704065443467805,1,0,FLOOD
-0.015749095554553238,0.3817094618265843,-2.6952890447011533,1,0,7.491097026002757,1,0,FLOOD
-0.0019314196779333965,0.30795487911389763,-3.246459213621419,1,0,24.01529999275633,1,0,FLOOD
-0.004845036103892274,0.5227983355697531,-4.316752249385145,1,0,22.29349204305008,1,0,FLOOD
0.07470620816089851,0.6244941818045339,-3.324561141493392,1,0,8.022406711520643,1,0,FLOOD
0.08397661490593994,0.33177026375034496,-3.460997379010277,1,0,7.1506909545597015,1,0,FLOOD
0.04323115254472144,0.4266765239891288,-5.282291815930686,1,0,20.76903600407032,1,0,FLOOD
0.10224102041416475,0.31416954265561453,-3.789087263950585,1,0,13.31870323167045,1,0,FLOOD
0.03444770520394349,0.3234911038801429,-3.396826794008591,1,0,21.777604396596093,1,0,FLOOD
-0.0031637856728292772,0.6204926693967413,-2.5653714305323834,1,0,6.776133543092002,1,0,FLOOD
-0.017148196231523666,0.5536377332961213,-4.3226173240343595,1,0,16.06086029429065,1,0,FLOOD
0.09765975578514587,0.2835625076517768,-4.644097201416708,1,0,27.59263168614229,1,0,FLOOD
-0.0941300605114135,0.387321579319906,-3.885255880193451,1,0,19.613021096775775,1,0,FLOOD
-0.08366214659784572,0.284849114661361,-4.170899734199235,1,0,18.3387055379612,1,0,FLOOD
0.08239639812373512,0.3224440250109581,-2.778638706205809,1,0,19.04571375711741,1,0,FLOOD
0.055278684392514835,0.45514291381045074,-4.21544078691488,1,0,17.552996200527893,1,0,FLOOD
0.009341838571180821,0.3475129490296025,-4.683769983999889,1,0,8.853278849266415,1,0,FLOOD
0.04037460947843161,0.5810178388905677,-2.153650748178625,1,0,16.4472436853085,1,0,FLOOD
0.09346907224020382,0.38894737305094496,-4.982497128003626,1,0,11.84534057606207,1,0,FLOOD
-0.047268877164148855,0.39378926990389573,-3.1175908257126728,1,0,9.021117595250569,1,0,FLOOD
0.0898570429344211,0.42794674315985154,-1.8874098759029483,1,0,12.673250183207292,1,0,FLOOD
-0.08957495347856322,0.48451650466576385,-4.484882686524657,1,0,13.739910791377026,1,0,FLOOD
0.09625556177519022,0.5784011606939674,-2.374813508335219,1,0,12.054018734181339,1,0,FLOOD
0.10501187195882898,0.26943123780250255,-4.531772269374807,1,0,13.122075986214101,1,0,FLOOD
0.013425535309873626,0.40446423996093994,-3.024967197058794,1,0,12.437748928870217,1,0,FLOOD
0.06843801757348485,0.3374296020234804,-5.134744314717718,1,0,22.896947331299103,1,0,FLOOD
-0.015710892417189766,0.3545813664125066,-4.086507725504511,1,0,19.652218812344206,1,0,FLOOD
-0.06501909115067889,0.45121088064410175,-2.7155661839063283,1,0,16.44566368750777,1,0,FLOOD
0.00745202514174032,0.5248885040214626,-3.9070433530080813,1,0,4.720780242905372,1,0,FLOOD
-0.06262310629953358,0.4587473414294386,-4.372293937434096,1,0,21.070664738003504,1,0,FLOOD
-0.04312981314405321,0.4390790496917797,-2.599927373454499,1,0,7.668970934375857,1,0,FLOOD
-0.06855473646645435,0.3871388739839556,-3.581113550459719,1,0,11.013840477722527,1,0,FLOOD
0.05641153807781122,0.5083533121346491,-2.2719458433195947,1,0,6.121796412495135,1,0,FLOOD
0.014989379721614368,0.3660466819615306,-3.391967434836468,1,0,15.057808477581855,1,0,FLOOD
0.0654144739023375,0.3879571201806883,-4.7005255578448635,1,0,18.19728297922514,1,0,FLOOD
-0.006719493551308947,0.516150593159227,-2.1598451550098137,1,0,20.849333226561946,1,0,FLOOD
0.08692817735421719,0.4863065098449725,-3.310765562074672,1,0,9.661810051716888,1,0,FLOOD
-0.008564139669228003,0.28292907437532505,-3.058777215102627,1,0,17.889880583975252,1,0,FLOOD
0.025589919181301234,0.6043105872003255,-2.274527327459222,1,0,8.852588775455668,1,0,FLOOD
0.015485394024020984,0.3621214559030525,-3.6576181086647264,1,0,11.739515613614495,1,0,FLOOD
-0.08966886566179166,0.46686055359327866,-4.111557904519765,1,0,17.22322392989713,1,0,FLOOD
-0.0011309574971004946,0.34194952445825905,-2.9007243337839332,1,0,17.833717551863266,1,0,FLOOD
0.0036774938457701254,0.2231119379628122,-3.4924086817533118,1,0,12.837690310083575,1,0,FLOOD
-0.0698121674387139,0.3806986885924626,-2.8165162136019357,1,0,8.109026200886346,1,0,FLOOD
0.05869667459091529,0.42788402547213017,-3.9645165939067226,1,0,18.33800357583916,1,0,FLOOD
0.046246867009104214,0.5676611027322799,-2.425286827209053,1,0,18.81140355208564,1,0,FLOOD
0.08634213720533611,0.4305237307409174,-2.91420387206907,1,0,13.395590441060119,1,0,FLOOD
-0.034057570098705345,0.5095226520923329,-3.690629490893863,1,0,15.893886507686208,1,0,FLOOD
-0.033104763589909894,0.6116754190073407,-4.7177351217252985,1,0,13.137981925601945,1,0,FLOOD
0.010542253847712443,0.46070692044882633,-2.1440159594613992,1,0,9.33631812622875,1,0,FLOOD
0.0603756822283449,0.5898905408608233,-3.9553049463577232,1,0,8.422229349342068,1,0,FLOOD
0.07450495904504137,0.27330821073612915,-4.538743204829569,1,0,11.572198193207429,1,0,FLOOD
-0.0643103995593322,0.5015403921148627,-2.8024546645347392,1,0,5.634937219448879,1,0,FLOOD
-0.030951252877275195,0.31458970915317197,-2.4364108404644815,1,0,17.179538100229063,1,0,FLOOD
0.0019228910912500207,0.24606194851903104,-1.9412617188507395,1,0,20.36135723810813,1,0,FLOOD
-0.009381330858380587,0.49897002396018775,-2.565932268432192,1,0,12.97920992812447,1,0,FLOOD
-0.03464661056116009,0.6006997445603858,-4.902576335148551,1,0,5.916642304413723,1,0,FLOOD
-0.03445887121743635,0.45716076958031565,-3.0232940798663943,1,0,15.097527359951263,1,0,FLOOD
-0.05092397520795603,0.5154778267115538,-3.9202521435787707,1,0,17.940408358531265,1,0,FLOOD
0.0918078941805825,0.5762991142473256,-3.1119427540798186,1,0,15.611480184127954,1,0,FLOOD
-0.0634320886689664,0.37070346439798396,-1.9610250495067962,1,0,22.444238863830147,1,0,FLOOD
0.009779697327841147,0.4679695788711323,-2.7029068992580134,1,0,21.52217963077265,1,0,FLOOD
-0.043044896302798404,0.5332844578478755,-3.9245872731116265,1,0,7.293126087488145,1,0,FLOOD
-0.019984179877621154,0.2568365689757542,-3.9760342899595127,1,0,15.12777955776708,1,0,FLOOD
-0.09054036051398945,0.4630297518001191,-2.74627947125738,1,0,13.053522250673351,1,0,FLOOD
0.0909187332781286,0.5355718697848086,-2.953894886235601,1,0,12.125740314396067,1,0,FLOOD
-0.07650129084509365,0.5803170072888126,-3.3874873265683045,1,0,16.425045696809075,1,0,FLOOD
-0.0021556014602779317,0.3499603612249254,-3.4855966030109897,1,0,5.9729477903395045,1,0,FLOOD
0.023462447622632263,0.5184095844890938,-2.7228287121025803,1,0,21.15705711061651,1,0,FLOOD
0.03126871710267551,0.3663323999771066,-3.318730518929491,1,0,13.653610534180094,1,0,FLOOD
0.08002152074311833,0.4566288652526167,-4.729512365086229,1,0,14.497921438119853,1,0,FLOOD
-0.06536604978452439,0.5304358891938907,-3.7117060362327496,1,0,19.925781644669133,1,0,FLOOD
-0.018171469738814346,0.3176192043702458,-3.258574697174418,1,0,9.256133694918212,1,0,FLOOD
0.04334074509596335,0.4029637831707184,-1.9640938488594821,1,0,6.615111341285651,1,0,FLOOD
0.020097702597166592,0.3179324383271683,-3.1792026147090846,1,0,23.185431240776964,1,0,FLOOD
-0.03988921482671539,0.4862309836644217,-5.359648701180021,1,0,21.2060624909403,1,0,FLOOD
0.0827542444716839,0.3083751418394751,-3.7383608886397064,1,0,5.535369815190804,1,0,FLOOD
-0.029678627552831422,0.38456822078192615,-4.042645341017909,1,0,5.504658093700952,1,0,FLOOD
-0.04833864090840799,0.3032720092313111,-2.6882546305206634,1,0,11.569391949151912,1,0,FLOOD
0.009471920568655558,0.3340221471132827,-2.84627540740299,1,0,24.478972384026783,1,0,FLOOD
-0.03272476624971507,0.2847449752410149,-2.7626722762412,1,0,13.436276501013726,1,0,FLOOD
-0.01332937445006481,0.5455897786379498,-4.0569798764514555,1,0,4.97222506407834,1,0,FLOOD
0.05099704077508615,0.2977803138853098,-2.1811083498566703,1,0,9.90942109750785,1,0,FLOOD
-0.017202850471527267,0.4827295265447696,-2.8226084274144045,1,0,26.19940146539415,1,0,FLOOD
0.09544856342062621,0.3602714114541441,-3.6934863637616293,1,0,22.051823219616683,1,0,FLOOD
0.06124159748956367,0.48304249796454557,-5.490633328675163,1,0,11.58696174945969,1,0,FLOOD
-0.05190594027515602,0.34161658180669946,-4.943018722678752,1,0,12.16931184033025,1,0,FLOOD
0.0875438259874683,0.5374554222603679,-2.107702370438341,1,0,7.901232492951215,1,0,FLOOD
-0.01996853178499779,0.4489389520357821,-3.3402137600455846,1,0,21.341083814709872,1,0,FLOOD
-0.023554703820397222,0.49492194150833063,-4.2976446015436,1,0,8.762874892950679,1,0,FLOOD
0.08036172125759995,0.4926132691365156,-5.515784888700277,1,0,11.338408394675094,1,0,FLOOD
-0.051620217858468244,0.4893069587056399,-4.557401157062438,1,0,8.729031457900735,1,0,FLOOD
-0.06201770859556115,0.34662651748568013,-2.5365550307836675,1,0,10.532077610201625,1,0,FLOOD
0.04619561443315424,0.6063597613055287,-3.7592200457767073,1,0,14.010940682590633,1,0,FLOOD
0.04807324340692421,0.42798271594067316,-2.99206500369751,1,0,22.974026679279763,1,0,FLOOD
0.0518766506225396,0.6148095851661834,-4.077844016465401,1,0,6.854743015920127,1,0,FLOOD
0.10187489657881844,0.5316882763021787,-3.2405739017373025,1,0,14.560273146687429,1,0,FLOOD
0.10440944140993827,0.5827016575485904,-2.3132600088443516,1,0,11.34308513468514,1,0,FLOOD
0.03752971214538696,0.4903412647323769,-2.4437415690531963,1,0,22.66531198719835,1,0,FLOOD
0.07975723971120871,0.5347253293428057,-2.886491278302876,1,0,16.22491992484407,1,0,FLOOD
0.019839518086165065,0.33396525492260243,-2.3723715207544984,1,0,25.163609951949866,1,0,FLOOD
-0.1013046097551931,0.5901056631167599,-2.257252084979918,1,0,12.399101722867309,1,0,FLOOD
-0.021094270567522957,0.4046963271863007,-4.675285002788205,1,0,19.813250478811245,1,0,FLOOD
-0.06163084835234603,0.6710498273441143,-3.0256307658274917,1,0,21.932352851122957,1,0,FLOOD
0.04742252332987837,0.287067315625371,-3.663840998396432,1,0,15.987208272139608,1,0,FLOOD
0.08582711499303354,0.5182014538015681,-2.1402358229957676,1,0,17.08986611434973,1,0,FLOOD
-0.08801526327527609,0.23869623095206996,-4.604687433002969,1,0,19.262991262062258,1,0,FLOOD
0.08552375417236854,0.383916929218095,-2.5314540186026684,1,0,23.762591512328306,1,0,FLOOD
-0.05094152435419291,0.27004643475205115,-2.5075329570540688,1,0,18.26025790696903,1,0,FLOOD
-0.07513142320450385,0.44278552524830217,-4.38744092170155,1,0,12.891793772363638,1,0,FLOOD
-0.014299357847588814,0.451486184570636,-2.9531578280873183,1,0,8.639778301197335,1,0,FLOOD
-0.060666178660439364,0.5135151223469828,-3.0847141020433213,1,0,7.516661979000057,1,0,FLOOD
-0.03812847274825571,0.3761534085478955,-4.347012896945993,1,0,10.291417784616256,1,0,FLOOD
-0.06566246477058879,0.44739179082131225,-3.121007497422488,1,0,21.483459331821123,1,0,FLOOD
-0.03286569743132688,0.37401117749442536,-4.129489950709452,1,0,15.915281786714743,1,0,FLOOD
0.036066629170766876,0.37661056317126984,-2.1182126439134774,1,0,14.535747889979925,1,0,FLOOD
0.030402825878569916,0.47716174211774764,-4.13555179751683,1,0,20.098275158685507,1,0,FLOOD
0.04336336237263651,0.4368014544738426,-4.62876281868418,1,0,13.685317968637781,1,0,FLOOD
0.09852005589114063,0.5257877882438673,-3.1045382044444203,1,0,9.58061107969248,1,0,FLOOD
-0.08038641925130781,0.26297920518121676,-2.154872883649634,1,0,24.477785914695662,1,0,FLOOD
0.026518847282566385,0.44493510200117736,-3.0965868334625735,1,0,12.064054239957024,1,0,FLOOD
0.026255340828322236,0.44827665111371345,-3.39057094673119,1,0,12.39391111213122,1,0,FLOOD
-0.03486610348903447,0.33393216011473675,-3.2076613273965764,1,0,16.243925197754248,1,0,FLOOD
-0.022347383250276732,0.5268291735977769,-3.548815631499933,1,0,21.938809150268703,1,0,FLOOD
0.02297189722944889,0.27456810216584326,-3.816180188622693,1,0,10.207390498310062,1,0,FLOOD
0.09858412275861893,0.5675447049950285,-2.818300330477588,1,0,26.45441287199558,1,0,FLOOD
0.07747838783937094,0.48729553150460597,-4.605299679084028,1,0,5.432569114776966,1,0,FLOOD
-0.09429705406426471,0.2409946113203345,-1.8910289278399761,1,0,6.402288769140533,1,0,FLOOD
0.03162600812488847,0.575938365218104,-2.6432761984069932,1,0,5.486003968923647,1,0,FLOOD
-0.011159507436443,0.5862247258326063,-5.306445872081644,1,0,27.8662446059505,1,0,FLOOD
0.03531195523833411,0.333557193310216,-3.656352300305363,1,0,13.11754901447247,1,0,FLOOD
-0.04919358571376197,0.35344520314006833,-4.353880604619177,1,0,16.34818711281436,1,0,FLOOD
-0.05607561761221714,0.2966097224400063,-4.100425868116501,1,0,8.513200826846274,1,0,FLOOD
-0.024890870782811964,0.4542649399288591,-2.211025768465192,1,0,27.223724072644576,1,0,FLOOD
-0.03562044899878599,0.29487318773345245,-1.7828546930695686,1,0,11.548188589841851,1,0,FLOOD
-0.03518303068504109,0.24644675637272956,-3.3765662619442187,1,0,6.232172731728762,1,0,FLOOD
-0.06781670568241484,0.6586480122489567,-2.608717516919554,1,0,19.446772577689526,1,0,FLOOD
0.05103993205421155,0.3666036310132782,-4.66295243305512,1,0,24.112445908692877,1,0,FLOOD
0.02449940929443859,0.5616112064716924,-3.4071875398466562,1,0,13.915327445264213,1,0,FLOOD
0.09372931999870115,0.3267903550368684,-3.8203320682847646,1,0,14.912365027408981,1,0,FLOOD
-0.06715175679516329,0.4195605006759823,-3.8403745461998637,1,0,14.998130371833597,1,0,FLOOD
0.013829422309954865,0.5841143884015301,-2.4168955132334986,1,0,16.06366328814643,1,0,FLOOD
-0.054595625176080055,0.333265649868995,-2.405512950308424,1,0,7.034890943274987,1,0,FLOOD
-0.03219329298653308,0.6517614603681716,-2.968548968021206,1,0,7.64389224059083,1,0,FLOOD
-0.07206964969121027,0.37296923534879356,-3.018794107320728,1,0,14.328493520067928,1,0,FLOOD
0.07449077099111154,0.2872155060714845,-4.488331838850269,1,0,24.833124176449175,1,0,FLOOD
-0.01397799587869857,0.5277031032261501,-3.485674305160935,1,0,19.16309661248841,1,0,FLOOD
0.0030981509669822083,0.2580355737221946,-3.365059379459112,1,0,20.913197457679537,1,0,FLOOD
0.07137095614048776,0.3984370797443053,-3.553573173576211,1,0,11.744655279924931,1,0,FLOOD
-0.07504307508354774,0.3532338201656886,-3.4137123345539813,1,0,15.173236646963064,1,0,FLOOD
-0.05687845580118729,0.48681185562370605,-2.5760057751977015,1,0,7.4539523477447585,1,0,FLOOD
0.04998286410799801,0.6381902843712901,-3.8250708253947305,1,0,14.274623689828449,1,0,FLOOD
-0.011495448381925568,0.3724031180600651,-4.104385836546975,1,0,13.279486492660354,1,0,FLOOD
-0.011091049654580075,0.3158484792520366,-2.825583296636998,1,0,22.296804952822505,1,0,FLOOD
0.02449011672470562,0.4312118074974733,-2.3451913459006044,1,0,14.774308240350676,1,0,FLOOD
0.06237740129199126,0.5035942075030397,-2.413024534595511,1,0,19.624342475816256,1,0,FLOOD
-0.0374646270344398,0.4320981578743784,-5.284791661935677,1,0,19.661713227256165,1,0,FLOOD
0.02026477423600351,0.30387723763172797,-2.143051764969857,1,0,9.213909390617726,1,0,FLOOD
-0.003117989027526849,0.30306785271824765,-4.986979851655935,1,0,13.808921187732654,1,0,FLOOD
-0.013589948209007975,0.35850913422221703,-2.62906935104601,1,0,21.714443156261364,1,0,FLOOD
-0.026404846447212946,0.4127742396187161,-3.5479965777204825,1,0,23.391627492354395,1,0,FLOOD
-0.058590986551346355,0.5104869010227129,-3.6385208169523833,1,0,17.32918513094073,1,0,FLOOD
-0.07389495240085742,0.2621825815169235,-3.24700284873021,1,0,11.132534522244898,1,0,FLOOD
0.04069708185240951,0.30044019819274864,-1.9443462348165081,1,0,9.506789698940468,1,0,FLOOD
-0.08540138932055912,0.46567266096945503,-3.7160073975889,1,0,7.899296723749405,1,0,FLOOD
-0.06787601302726003,0.4909966714226385,-4.429187069251003,1,0,21.910708452113195,1,0,FLOOD
-0.06478710337893095,0.5172034134353676,-3.850883471070395,1,0,12.093654286050235,1,0,FLOOD
0.05678324301667132,0.4747168892114837,-3.2459965757108193,1,0,8.32687975613201,1,0,FLOOD
-0.019332071368087747,0.42344922979447563,-3.9174379507726713,1,0,12.899353035115439,1,0,FLOOD
-0.05050483296408055,0.5612021538123626,-3.244738480447797,1,0,20.10628013121877,1,0,FLOOD
-0.06396123436035861,0.47741950581356185,-3.2981394910264954,1,0,14.559728939138784,1,0,FLOOD
-0.014527590879449376,0.535111036433177,-2.5372582611979517,1,0,22.02888476681584,1,0,FLOOD
-0.028858245941873705,0.33656187802149373,-3.8178324918945052,1,0,16.852633096697556,1,0,FLOOD
-0.08134709655449454,0.3715706714882419,-2.6879576830224265,1,0,21.795427725171997,1,0,FLOOD
-0.056154066865361306,0.4157829752153018,-4.089734374806707,1,0,19.31758662475135,1,0,FLOOD
0.04373294784545082,0.46883790812209436,-3.081416326158923,1,0,21.326618366611218,1,0,FLOOD
-0.054265826401630836,0.46206839329539245,-5.300809211045657,1,0,10.225184080714014,1,0,FLOOD
0.019317571105002165,0.6692464352700651,-4.502022609588468,1,0,5.134102883254125,1,0,FLOOD
-0.026890639461308465,0.5505756199940802,-3.3126236015242205,1,0,21.97319043678406,1,0,FLOOD
0.029863997170202113,0.5692845043884297,-1.9570847399872187,1,0,19.521792251950295,1,0,FLOOD
-0.0014559461983387695,0.42571666796636287,-4.96874661673275,1,0,8.579514035653423,1,0,FLOOD
-0.029085133172047726,0.4359101254090152,-3.825459282703268,1,0,13.893224961929514,1,0,FLOOD
-0.05287873060162061,0.4893684445877377,-3.1891737977907244,1,0,15.053219333021941,1,0,FLOOD
-0.10782016491454044,0.42499537787455993,-3.5064917702340144,1,0,9.336278197890632,1,0,FLOOD
0.017728092839611874,0.33448862161041576,-1.8607791318859055,1,0,8.993184424698768,1,0,FLOOD
0.05782352874870768,0.48436374842509383,-2.9127714130829787,1,0,10.956523612977282,1,0,FLOOD
0.013930350084437961,0.4861530203187157,-3.851814107267571,1,0,13.958134696087622,1,0,FLOOD
0.03400378930065034,0.4221533260627038,-3.5827041779508346,1,0,13.916302322657431,1,0,FLOOD
-0.04800487529923369,0.5193135874905394,-2.183854841251092,1,0,16.661509800884733,1,0,FLOOD
0.06769042263669912,0.5512330034784068,-4.154160732487477,1,0,5.896293417223321,1,0,FLOOD
-0.04515100391757062,0.6287956953271548,-3.432921631331695,1,0,20.98106821668572,1,0,FLOOD
-0.007566834594382742,0.3950489529142742,-2.499599149516198,1,0,20.102559240442027,1,0,FLOOD
-0.10255561206612267,0.4649861495864607,-2.4421031445733274,1,0,12.312806549960067,1,0,FLOOD
0.07060990812094343,0.27481855941025296,-4.089736465474991,1,0,23.427153028052395,1,0,FLOOD
-0.07860180000969055,0.2903925550373886,-4.778485027188182,1,0,9.170542920514722,1,0,FLOOD
0.024622117933008135,0.23995623573202526,-2.7513803605658484,1,0,16.0938815124459,1,0,FLOOD
-0.02636040297342949,0.44022781611261846,-2.3488141470004886,1,0,18.5975619671468,1,0,FLOOD
0.08063272011215476,0.5457858256307888,-4.036064605145233,1,0,6.2524635275399545,1,0,FLOOD
0.08643174546861054,0.4031919400098432,-3.6943049024186108,1,0,16.405139173016753,1,0,FLOOD
0.06698318754397341,0.24776380081442814,-4.529040579970838,1,0,14.94079987607469,1,0,FLOOD
0.019993504913179708,0.4101964198108129,-4.704925574938672,1,0,16.77023955344246,1,0,FLOOD
0.06641160924141817,0.57768349551424,-4.381010902949271,1,0,14.836930908571558,1,0,FLOOD
-0.04030475266249597,0.3194649091689785,-4.869533571773751,1,0,22.89182580842401,1,0,FLOOD
-0.010054261459037575,0.487873211631752,-3.4951624798563152,1,0,13.504045328703464,1,0,FLOOD
0.035294955957994686,0.3226317873582185,-3.0399173145580547,1,0,10.820710566550433,1,0,FLOOD
0.079313797390328,0.28112997025249026,-2.4431865484256865,1,0,5.577681112208562,1,0,FLOOD
0.098204208162401,0.5165085987516557,-2.919295917721106,1,0,20.495953427374115,1,0,FLOOD
-0.08730446117811336,0.21940015267982904,-3.5227633951146418,1,0,15.343066831457156,1,0,FLOOD
-0.005718025959173912,0.2841367421869288,-2.722282644311316,1,0,6.054165520658845,1,0,FLOOD
0.0134641967411881,0.44477024496607137,-3.0523798744822463,1,0,26.2604541416935,1,0,FLOOD
0.004466741943752594,0.32158809689289763,-4.8776173764946185,1,0,16.858784787712622,1,0,FLOOD
0.043749813328256275,0.29707364901942884,-3.1536639885000466,1,0,11.002147586147482,1,0,FLOOD
0.05637977070552946,0.432085051557574,-2.6360800556817754,1,0,6.7690283395727,1,0,FLOOD
-0.01657775418052428,0.3154639979456562,-1.7881357013318802,1,0,15.969102168672714,1,0,FLOOD
-0.0627136950228136,0.38540429340598037,-3.4298678409780963,1,0,15.580936938510868,1,0,FLOOD
-0.053099387445192325,0.3146997272521056,-2.844744824723293,1,0,9.468214555265462,1,0,FLOOD
-0.002843250810652685,0.43781191179374146,-4.7460323041692885,1,0,16.071382532112928,1,0,FLOOD
0.09079152978046841,0.3917819642301215,-4.82347787258632,1,0,20.60889023331949,1,0,FLOOD
-0.03863815690881737,0.40779932643715455,-3.1438782907682814,1,0,19.694227624902794,1,0,FLOOD
0.004876428570710831,0.534987338603724,-3.64278531636482,1,0,20.751503096356476,1,0,FLOOD
0.01101036364157334,0.580974676109674,-4.60436179920093,1,0,12.091535120311935,1,0,FLOOD
-0.00971668978925386,0.4928985590769173,-3.8470211522492277,1,0,19.052656128987888,1,0,FLOOD
-0.029409404890053267,0.5335666628554758,-4.367626268131355,1,0,12.184251605643135,1,0,FLOOD
0.07493216892895689,0.3738215028749234,-5.087827986917666,1,0,11.533794415678178,1,0,FLOOD
0.07478459831236461,0.38855039260129853,-3.6267164715463434,1,0,24.290644313807082,1,0,FLOOD
-0.03093591900916371,0.416120164450276,-4.763505276132044,1,0,23.632152077492464,1,0,FLOOD
0.0023077617995546315,0.46254346583930844,-3.3174564012313237,1,0,7.314808241636457,1,0,FLOOD
0.06753178578341282,0.33697760130267124,-2.966640317607185,1,0,20.56259448231141,1,0,FLOOD
0.05527373188326868,0.3932311488598308,-4.404791778286621,1,0,10.01067310330458,1,0,FLOOD
0.10525671363626427,0.46720704649079087,-3.84013254537142,1,0,12.862733060326406,1,0,FLOOD
0.06549382208542755,0.48820273573252027,-3.9988420087507768,1,0,9.579026231178231,1,0,FLOOD
0.07264300365440063,0.26135250440362856,-4.181225926834908,1,0,5.816989342306608,1,0,FLOOD
-0.004652184749204349,0.5245356708401433,-4.3972828360770295,1,0,5.993511320413608,1,0,FLOOD
0.09321396779270395,0.3961449862950175,-3.508576784097343,1,0,17.265926363162716,1,0,FLOOD
-0.034099445147306576,0.5189377927589562,-3.6675432246390804,1,0,22.49316425123134,1,0,FLOOD
0.07402571546498013,0.476570888321737,-4.134715688494376,1,0,25.176092893114475,1,0,FLOOD
-0.014011902612960113,0.5261484339073462,-4.689054579333591,1,0,15.239964931586007,1,0,FLOOD
0.08270537910467343,0.4086222141594936,-2.5206086710548012,1,0,20.710616206978376,1,0,FLOOD
-0.024913433586223437,0.37067054048059755,-4.930080445976349,1,0,22.57140555010385,1,0,FLOOD
0.040147996287613195,0.36971370990877733,-3.210517493396331,1,0,8.388932741009937,1,0,FLOOD
0.09302098745080896,0.612314805279776,-2.343142998912042,1,0,10.229698172096093,1,0,FLOOD
-0.0899741839953271,0.5148823110321897,-3.594511778708039,1,0,5.550103566597694,1,0,FLOOD
0.08711096200961245,0.4122307784792235,-4.182538677564921,1,0,4.8953424990586845,1,0,FLOOD
0.006390984031317663,0.3418004392930459,-4.624920993373616,1,0,5.671347122775359,1,0,FLOOD
0.018045646440082976,0.5830983173809232,-4.280583438067792,1,0,24.668858764389586,1,0,FLOOD
-0.06819780013442603,0.32859805205630227,-2.1911295508090647,1,0,17.591369841078265,1,0,FLOOD
0.0871346361346806,0.46533478763205743,-3.3971134557130758,1,0,5.9546555072064145,1,0,FLOOD
0.07148060908738939,0.2335635881367595,-4.377708059580662,1,0,10.984234657469633,1,0,FLOOD
0.03882096556688209,0.46598672185294576,-2.9563450512771974,1,0,17.68784160528383,1,0,FLOOD
-0.05434583376246062,0.6159424718288945,-2.3333424212975027,1,0,15.901601154325292,1,0,FLOOD
-0.03495222060204586,0.37579587540328324,-4.060235107807541,1,0,5.448649971599604,1,0,FLOOD
-0.03542139282587565,0.47794551039369104,-4.285903910840501,1,0,18.051761435449176,1,0,FLOOD
0.012694792881248742,0.4342860187853916,-3.385850859129849,1,0,21.913347868954357,1,0,FLOOD
0.003953438592882463,0.3652343311962122,-3.4466361098260125,1,0,6.737794660667682,1,0,FLOOD
0.02732335894630968,0.5570686382552619,-3.7701035867591064,1,0,18.488443644944713,1,0,FLOOD
0.00875526526039916,0.32586250111944115,-4.100359869593749,1,0,8.230641376100643,1,0,FLOOD
0.029039908068851955,0.3529882113417516,-4.16483695358807,1,0,22.24311608658794,1,0,FLOOD
-0.04548231441230979,0.2852885544342481,-1.9981318749181918,1,0,17.92837516074584,1,0,FLOOD
-0.08651110555393288,0.3088694705703883,-1.9912714362010295,1,0,20.403831803139507,1,0,FLOOD
-0.06845296937930762,0.6066584308678815,-4.991829901313795,1,0,8.482305192336929,1,0,FLOOD
0.06699248009103038,0.354117235300438,-3.886173405799205,1,0,23.670009992763053,1,0,FLOOD
0.07278169350330162,0.4851852869726429,-2.8943260828420097,1,0,14.870057804590736,1,0,FLOOD
-0.013632981287722674,0.4724174853970961,-4.755461307198131,1,0,20.58004129038869,1,0,FLOOD
-0.009490685310685849,0.32358444413320947,-3.811772097066528,1,0,18.324371942703863,1,0,FLOOD
-0.0788718842341958,0.547822605616303,-3.99662147473877,1,0,20.70863038644474,1,0,FLOOD
0.02826367285067718,0.5027844705038821,-4.683055689267855,1,0,23.39160874121306,1,0,FLOOD
0.06829296889463599,0.5032128721094532,-3.4936841841233215,1,0,7.502337637138848,1,0,FLOOD
0.034862385778876494,0.2664785271603938,-3.419229679049783,1,0,8.671631221650994,1,0,FLOOD
0.04389689920333348,0.5424214462204341,-4.746539622948444,1,0,6.566565657736134,1,0,FLOOD
0.06298784185315001,0.5192733409846091,-2.7299575418382203,1,0,13.122593409461821,1,0,FLOOD
0.008790455189897633,0.6003089228322708,-4.88184080334427,1,0,23.170833446352685,1,0,FLOOD
-0.0998118510765724,0.6344596952800868,-2.604385471132236,1,0,21.44801037752399,1,0,FLOOD
-0.029026166823593477,0.4206930961923226,-2.239705088637925,1,0,19.54833525151745,1,0,FLOOD
-0.08665684751254006,0.39228153607796773,-2.1222783760409683,1,0,16.92472092798742,1,0,FLOOD
0.01629885220183257,0.5596294733216589,-4.5772433300319575,1,0,22.07141937426627,1,0,FLOOD
0.07763872587450336,0.24303220188458938,-3.8138771435789587,1,0,13.786677298943484,1,0,FLOOD
-0.07437307450858652,0.45036280822004576,-2.0147185425200727,1,0,21.05163252145201,1,0,FLOOD
0.07944598908209848,0.4328023918611571,-2.368391786211271,1,0,21.456248026588902,1,0,FLOOD
0.020612681371036373,0.32338929989066656,-2.576513797774464,1,0,11.399111863632177,1,0,FLOOD
-0.06002856844506896,0.5545519644206235,-4.0717897928546005,1,0,8.486801096783756,1,0,FLOOD
-0.0958014546984802,0.38000358525272365,-3.535540208847901,1,0,6.344680120480534,1,0,FLOOD
-0.010187575387528035,0.30935853748804587,-4.409277475512341,1,0,12.181396311353593,1,0,FLOOD
0.027346032373578043,0.45544891769294066,-2.5049035040968866,1,0,23.33691028584082,1,0,FLOOD
-0.041893786468436986,0.5024655071482041,-4.65806610670967,1,0,19.409081737393233,1,0,FLOOD
-0.08476726548528533,0.26053512136862783,-2.0392943358409292,1,0,18.669332717677843,1,0,FLOOD
0.030369713930563386,0.26692458549544534,-3.27808711938735,1,0,6.782012540928559,1,0,FLOOD
0.058232218574253314,0.48964790977540334,-2.699181363923807,1,0,27.422887625577488,1,0,FLOOD
0.07324369003885697,0.327548820416554,-3.218363488500658,1,0,19.113392858843913,1,0,FLOOD
0.07593410918152158,0.47328648746130103,-4.233092826070013,1,0,9.019007791105711,1,0,FLOOD
-0.003484599666781962,0.39720493342841795,-4.007866144560346,1,0,19.52300737442267,1,0,FLOOD
0.05996617065546526,0.36076882590951015,-3.3767677648177705,1,0,17.407549766327396,1,0,FLOOD
0.09841290757504231,0.49304030325894227,-4.416987026463971,1,0,23.425440654894057,1,0,FLOOD
0.019963494638129083,0.42065547483272503,-2.33972474970989,1,0,16.93751259722745,1,0,FLOOD
-0.005237423848329506,0.33976962913569064,-2.6331332759040524,1,0,21.616539246123,1,0,FLOOD
-0.04219093591049895,0.3930149221502322,-2.2152309103166763,1,0,6.9776870273350555,1,0,FLOOD
0.02172611182948024,0.24010305216376635,-3.304259918113546,1,0,18.731992957762046,1,0,FLOOD
0.026665528949105833,0.3661125572959802,-4.331940768811365,1,0,16.854044275595257,1,0,FLOOD
0.003402843967138441,0.2294833556144263,-3.7607473018773336,1,0,13.46430102185836,1,0,FLOOD
-0.3579430941714575,-0.09549666947898901,0.03967525318071154,0,1,0.073284748770548,0,1,DROUGHT
-0.3699954599351824,-0.07400899015370063,-0.5698384449676621,0,1,0.029842222034396605,0,1,DROUGHT
-0.3942797234921713,-0.24765138291526084,-0.3885956873480392,0,1,0.05948151808927636,0,1,DROUGHT
-0.31495632966613396,-0.2612082324726937,0.6974051922117411,0,1,0.02505801558551377,0,1,DROUGHT
-0.4955871392671086,-0.32412238662058185,0.03299484341739573,0,1,0.07967404577253845,0,1,DROUGHT
-0.2676747315567548,-0.2653877654536956,0.4634604060505063,0,1,0.044746947177153565,0,1,DROUGHT
-0.37863563113364973,-0.20692208093026257,-0.04574538379452568,0,1,0.0222673963105125,0,1,DROUGHT
-0.2981536340824836,-0.1621293296889225,-0.8298445101313073,0,1,0.10074094013331168,0,1,DROUGHT
-0.3908894483283178,-0.19340470215652694,-0.7419672711267181,0,1,0.06311662486757133,0,1,DROUGHT
-0.4387501993968244,-0.04284530399955886,1.0108388005983335,0,1,0.07260658420610897,0,1,DROUGHT
-0.5475487226648728,-0.2013626140476301,-0.9764385569017684,0,1,0.057417792996906775,0,1,DROUGHT
-0.541062498140037,-0.18751610046120898,-0.7607902335228623,0,1,0.017115307224585267,0,1,DROUGHT
-0.3061439781651832,-0.19640532533350197,-0.1648553038209086,0,1,0.08767463309485744,0,1,DROUGHT
-0.42628929028810425,-0.2125614997833896,0.12523768258624784,0,1,0.007081592709773116,0,1,DROUGHT
-0.5426325838137898,-0.13722662922900472,0.21929296295606188,0,1,0.01048885347710977,0,1,DROUGHT
-0.2845246679763982,-0.15309066039977964,0.46950011819297627,0,1,0.021700555308201384,0,1,DROUGHT
-0.3592984673859593,-0.2806850906175037,0.03656626549159386,0,1,0.07161572708036211,0,1,DROUGHT
-0.2425924486547219,-0.09804094095062711,-0.84162557134784,0,1,0.019028854991911457,0,1,DROUGHT
-0.3850749718771924,-0.08266076691398005,-0.25903335637010505,0,1,0.0005625048016499537,0,1,DROUGHT
-0.2699674894410645,-0.009547615353650103,-0.5510003443039034,0,1,0.08833049543091247,0,1,DROUGHT
-0.30650605421580995,-0.003637989026199729,-0.241424795850452,0,1,0.04553842974420086,0,1,DROUGHT
-0.5278007455632222,-0.1104508792801001,-0.9667168420864439,0,1,0.022094605859928732,0,1,DROUGHT
-0.402219143464466,-0.08997155020824578,0.35774979286890035,0,1,0.028178787110548713,0,1,DROUGHT
-0.30668550242983234,-0.277796455701246,-0.21485318984280746,0,1,0.06903815422666325,0,1,DROUGHT
-0.47151364448061983,-0.09829423216574797,-0.6959982776034142,0,1,0.013154812381948247,0,1,DROUGHT
-0.33033043642093135,-0.2852874003365611,0.21929739906859147,0,1,0.011494169689879794,0,1,DROUGHT
-0.6616848311168032,-0.17879435814749783,0.5895627243297706,0,1,0.02792545385930127,0,1,DROUGHT
-0.3042665226105983,-0.26882079637771633,0.8551583152083204,0,1,0.032369521743017576,0,1,DROUGHT
-0.5613369036122631,-0.058012787369060875,0.34745548574134394,0,1,0.07630982762272137,0,1,DROUGHT
-0.5091804336413482,-0.23758771239850576,0.8959003477086217,0,1,0.0684053623568865,0,1,DROUGHT
-0.5234119436832788,-0.14532703056549445,0.5903950342323232,0,1,0.029131718115236578,0,1,DROUGHT
-0.4413979756734554,-0.1427065453927274,-1.0855218332304706,0,1,0.07969468610801805,0,1,DROUGHT
-0.46977105605311037,-0.09949917039495096,0.8161607935009705,0,1,0.012331714278133593,0,1,DROUGHT
-0.5111250838579889,-0.224648113862641,-0.4629407140967963,0,1,0.02161733849472003,0,1,DROUGHT
-0.5132277346816331,-0.1725968365546351,-0.7973337034905131,0,1,0.008002391116238102,0,1,DROUGHT
-0.5013320487321975,-0.015849303554193214,0.3035069441201507,0,1,0.1036733018631592,0,1,DROUGHT
-0.37977604079377497,-0.2938202641450933,0.16362816297637653,0,1,0.02692147353620122,0,1,DROUGHT
-0.4932375911424522,-0.14846333657035757,-0.13084789010216422,0,1,0.05705060334475818,0,1,DROUGHT
-0.47582195144485173,-0.22086364849156723,-0.44868832598772596,0,1,0.08512363746100308,0,1,DROUGHT
-0.4215103616741101,-0.2553842505341202,0.862282151400927,0,1,0.017591968567527358,0,1,DROUGHT
-0.24673464523702793,-0.21405438962902473,0.9460017042741468,0,1,0.03029054047508064,0,1,DROUGHT
-0.567183720252589,-0.2577693031966012,0.4979065268285029,0,1,0.04861577340372695,0,1,DROUGHT
-0.5723777795834387,-0.3013782804736526,0.5489347464120887,0,1,0.002351030442568738,0,1,DROUGHT
-0.3782713284201726,-0.023683692816284952,-0.008826087093013553,0,1,0.054749273343871634,0,1,DROUGHT
-0.3444601732971391,-0.08713701861218186,0.6323606901336176,0,1,0.056189026866752284,0,1,DROUGHT
-0.6150182676295952,-0.1606340436170913,0.32660527492065294,0,1,0.05663082559166864,0,1,DROUGHT
-0.3457729840584724,-0.23113563506835424,-0.8770547168470355,0,1,0.0002559037160216703,0,1,DROUGHT
-0.5621228827614407,-0.0760918686106378,0.6422479339094873,0,1,0.06591510025788562,0,1,DROUGHT
-0.3797452595078109,-0.21925369820012766,-0.04598371320257455,0,1,0.02471284141105565,0,1,DROUGHT
-0.537821550722713,-0.21851579790989922,0.12769202675459052,0,1,0.03993316561171681,0,1,DROUGHT
-0.2727746295267627,-0.22576405953139345,0.4711596889372436,0,1,0.06575366253918688,0,1,DROUGHT
-0.5156667555015976,-0.023901387981023776,1.0787979867476263,0,1,0.07951586928953697,0,1,DROUGHT
-0.29477889790720785,-0.06492470660718373,0.48043663205564346,0,1,0.08091800876224438,0,1,DROUGHT
-0.30747835219439457,-0.02191127644506737,-0.7888090398594084,0,1,0.06332065591294606,0,1,DROUGHT
-0.5005416664506668,-0.0028305453858539064,-0.7143615103807389,0,1,0.08049684815034541,0,1,DROUGHT
-0.5506819609249414,-0.03333012110396571,-0.1341767622578953,0,1,0.010808926460436127,0,1,DROUGHT
-0.5096294228014419,-0.11790473130171379,0.46283331818328577,0,1,0.011633182145508384,0,1,DROUGHT
-0.40538618841482377,-0.06341127825271659,0.34466369734294605,0,1,0.04734310284819609,0,1,DROUGHT
-0.2930228794084298,-0.2098779272457548,0.6483771839296382,0,1,0.03908555860120002,0,1,DROUGHT
-0.22424054392591883,-0.15199230647192588,-0.5392465438278841,0,1,0.01195489209532554,0,1,DROUGHT
-0.34059670372946665,-0.09416988872998679,-0.21634233953152787,0,1,0.08484542618244754,0,1,DROUGHT
-0.5075337192566179,-0.07759392179399151,-0.04192735215216356,0,1,0.04115144750652273,0,1,DROUGHT
-0.421508677840142,-0.1592640033625366,0.6872045110545182,0,1,0.03814845873765425,0,1,DROUGHT
-0.3765414608227886,-0.10610073567715912,0.4886171810608975,0,1,0.0048124203517598664,0,1,DROUGHT
-0.5716167662068506,-0.1936314749046297,-0.5450071942123123,0,1,0.02787371954211759,0,1,DROUGHT
-0.4266132396295934,-0.2593538528632181,-0.16388334836971327,0,1,0.03102473244761864,0,1,DROUGHT
-0.47155885766216593,-0.04349173880194334,0.5378278927573368,0,1,0.010164888943187036,0,1,DROUGHT
-0.3237547046781252,-0.2699841855892206,-0.805484624844053,0,1,0.04404533113154488,0,1,DROUGHT
-0.26723162490728447,-0.02228538194411867,-0.8636401701512757,0,1,0.02232196505294254,0,1,DROUGHT
-0.4164740552621431,-0.06046399356784971,-0.34459716102217264,0,1,0.027927749700889435,0,1,DROUGHT
-0.4198900031578061,-0.06405048213263685,0.2537051710670242,0,1,0.06588623226006603,0,1,DROUGHT
-0.5113189637077842,-0.3086169976392149,0.11525656677461733,0,1,0.04042240420633976,0,1,DROUGHT
-0.5183815635216904,-0.16066516353806617,-0.15969178095943465,0,1,0.08716452437129359,0,1,DROUGHT
-0.48668576213787584,-0.13439127056901604,0.4074587665458385,0,1,0.039983850481684236,0,1,DROUGHT
-0.2670661858755081,-0.07077964512897175,-0.5593756513091579,0,1,0.020636011684051103,0,1,DROUGHT
-0.43169020854148543,-0.2706616535820988,0.3334705170303699,0,1,0.020770795925158368,0,1,DROUGHT
-0.25040967129093356,-0.31279480017341293,-0.3543854609356738,0,1,0.003187954252504758,0,1,DROUGHT
-0.22759909206790804,-0.23889099186971557,-0.25704117236270085,0,1,0.056318814749439,0,1,DROUGHT
-0.3941069789835968,-0.23700522357026788,-0.7732772366558998,0,1,0.023781011389665364,0,1,DROUGHT
-0.2771892125887682,-0.24189913337395785,0.6214636886358987,0,1,0.046176031008839546,0,1,DROUGHT
-0.44811305153100206,-0.09783066018457603,0.08114639684055869,0,1,0.07181578843133174,0,1,DROUGHT
-0.23378507116503033,-0.28391169736178895,1.0272381881683723,0,1,0.028788155910586463,0,1,DROUGHT
-0.5564968799733704,-0.24582389427263474,-0.10843974500922048,0,1,0.057027864624952095,0,1,DROUGHT
-0.3308338825574796,-0.08626222638348653,0.02937211111534181,0,1,0.033876888669578414,0,1,DROUGHT
-0.31620416913586835,-0.09722711714140694,0.7500126289451895,0,1,0.043441157820499635,0,1,DROUGHT
-0.2788307865786007,-0.12031483495654499,0.7978158705107379,0,1,0.010226388243323776,0,1,DROUGHT
-0.5680171097099282,-0.27190672448316827,0.7619352503078066,0,1,0.062446788059382946,0,1,DROUGHT
-0.5750331223394283,-0.011171148586113878,-0.7481924247323997,0,1,0.07783171045114418,0,1,DROUGHT
-0.6360810761899275,-0.20479180187244422,0.7402487529761586,0,1,0.005980368876795271,0,1,DROUGHT
-0.4325980888488583,-0.32516188743566604,-0.04941390374735643,0,1,0.03450923433462631,0,1,DROUGHT
-0.40650400943898213,-0.09246795685832493,0.02828598591243046,0,1,0.026572750604244126,0,1,DROUGHT
-0.4311644616467605,-0.23661329156907993,0.48863533035989737,0,1,0.09601620935424544,0,1,DROUGHT
-0.3413343444059046,-0.1558936663512132,-0.8603906358655309,0,1,0.04775499753086036,0,1,DROUGHT
-0.3844980051438264,-0.08043664380425306,-0.0499781531306187,0,1,0.07047768753462347,0,1,DROUGHT
-0.42164588260815944,-0.1304660211576907,-0.4253100746183853,0,1,0.0655674011719451,0,1,DROUGHT
-0.2941266094190981,-0.3131628269803634,-0.5092936499260587,0,1,0.06907237945301899,0,1,DROUGHT
-0.5427682589954813,-0.2562147960238505,-0.37193289189095435,0,1,0.01657000492464024,0,1,DROUGHT
-0.39312766652592335,-0.09733314850440135,0.09501480929294606,0,1,0.031601278479112635,0,1,DROUGHT
-0.42260227592665367,-0.18145374147309534,0.06076720165534222,0,1,0.06281169836750376,0,1,DROUGHT
-0.536504522262954,-0.11770825757939979,0.9099447080524212,0,1,0.04377828958175576,0,1,DROUGHT
-0.45851594085859165,-0.03337953984517268,0.4845663942178121,0,1,0.08056351095038221,0,1,DROUGHT
-0.43468850145504084,-0.04258740025278711,0.35222253155022154,0,1,0.0112638810928576,0,1,DROUGHT
-0.53456519668692,-0.24107986816751942,-0.25806317544774143,0,1,0.0616203154104274,0,1,DROUGHT
-0.373294306515013,-0.0697783503837046,0.3151568200780222,0,1,0.070656662459548,0,1,DROUGHT
-0.2894039323067282,-0.009992364556336484,0.5054660726207756,0,1,0.01407776179507182,0,1,DROUGHT
-0.2661512285774839,-0.09665465408486872,-0.4348102869597427,0,1,0.020212571472447056,0,1,DROUGHT
-0.447782609542196,-0.11154561115931652,-0.1518027209682556,0,1,0.06903200092335372,0,1,DROUGHT
-0.5266317656862356,-0.17967125174584242,-0.2396970290693647,0,1,0.044730249836308515,0,1,DROUGHT
-0.46105886980888083,-0.24935488013920423,-0.5220030347654683,0,1,0.02222148857620891,0,1,DROUGHT
-0.40056951296567544,-0.12797598769927754,-0.08425757114530172,0,1,0.09545129620638086,0,1,DROUGHT
-0.48771829309420733,-0.27064426341166387,0.27513859573737587,0,1,0.03179189548523068,0,1,DROUGHT
-0.5105228118762958,-0.2864476844406098,-0.2914882164242613,0,1,0.02083410203825834,0,1,DROUGHT
-0.4200271805448752,-0.060525647370411405,-0.43979691055749826,0,1,0.016287848806107303,0,1,DROUGHT
-0.6207792591626133,-0.14011211883655192,0.5423168799167011,0,1,0.04957369134290692,0,1,DROUGHT
-0.49036243815875563,-0.13602650897089325,-0.6173943761527674,0,1,0.010517239797819758,0,1,DROUGHT
-0.5729466466539496,-0.09739801245787197,0.9114666283414201,0,1,0.03267430368090828,0,1,DROUGHT
-0.4038113377001533,-0.23557587668335572,0.524795298627002,0,1,0.09973659040043144,0,1,DROUGHT
-0.46651333942813317,-0.026411417172563574,0.9243016548480544,0,1,0.013546242794887187,0,1,DROUGHT
-0.5655313169195185,-0.23721558229867043,0.8251096427685165,0,1,0.06400917756239921,0,1,DROUGHT
-0.6017403205410193,-0.15531154687109563,0.5426745852523579,0,1,0.020529972784196496,0,1,DROUGHT
-0.5379528677374893,-0.043475067077918234,0.8996023892055353,0,1,0.05869453289905084,0,1,DROUGHT
-0.4327902897044719,-0.12600733594923844,0.2021060268984684,0,1,0.08078290630264821,0,1,DROUGHT
-0.3637014541417269,-0.03822356679898507,-0.7099253663562682,0,1,0.06745172189048379,0,1,DROUGHT
-0.44451734487812744,-0.017914128397323367,-0.6068996404838668,0,1,0.052988621105255644,0,1,DROUGHT
-0.43618760551387165,-0.23779332220089688,-0.2023283813951153,0,1,0.0484742302316762,0,1,DROUGHT
-0.5687037164965804,-0.2500898621090043,0.7257152497967317,0,1,0.03201372260055853,0,1,DROUGHT
-0.29793639965571794,-0.011774520275176788,-0.2886763220364219,0,1,0.006375951004510201,0,1,DROUGHT
-0.3970673573828978,-0.16514655268431802,0.9169983383315875,0,1,0.07979768528378295,0,1,DROUGHT
-0.358261044089488,-0.12291699657757985,-0.15750697112367165,0,1,0.007409413475798367,0,1,DROUGHT
-0.4799725020339579,-0.005804318976730754,0.6124941855413305,0,1,0.06590709674524027,0,1,DROUGHT
-0.36339528689340944,-0.2698460557155371,0.12664557789381548,0,1,0.04079208624778014,0,1,DROUGHT
-0.5679050607036247,-0.12185720016522003,-0.11607474952323062,0,1,0.014092829385238662,0,1,DROUGHT
-0.4551681271344006,-0.17183882647012827,-0.11526016605230727,0,1,0.09187351084240629,0,1,DROUGHT
-0.4629368181069517,-0.1369891465501781,0.51746151396796,0,1,0.07009934356238556,0,1,DROUGHT
-0.5801725999557882,-0.03748686421728651,-0.06051986854160598,0,1,0.06004347101455033,0,1,DROUGHT
-0.36836207122834924,-0.004114775905933135,-1.0097253780028146,0,1,0.08528630602165777,0,1,DROUGHT
-0.400845728863469,-0.27251436519970645,-0.5269179279872349,0,1,0.0068477699635644,0,1,DROUGHT
-0.27113699416438963,-0.15685978628319291,-0.05183171753053946,0,1,0.023629155726505712,0,1,DROUGHT
-0.44011688211524347,-0.1735582599386658,-0.7589453069370031,0,1,0.057244542285279025,0,1,DROUGHT
-0.6461432212237229,-0.14033566121259933,-0.8241499728149253,0,1,0.08637908260269529,0,1,DROUGHT
-0.5174573224794063,-0.2727529180501802,0.38557628762716284,0,1,0.06285838077909106,0,1,DROUGHT
-0.2866267362034689,-0.2747601278414924,-0.13454300464989577,0,1,0.030814336486866295,0,1,DROUGHT
-0.3868037207795526,-0.03747234321871302,0.4797349800647477,0,1,0.06512019451180223,0,1,DROUGHT
-0.6299762167802928,-0.20216904117238274,-1.0737342762976165,0,1,0.078593802407224,0,1,DROUGHT
-0.5006445255171741,-0.011771117167706513,0.13773349399489102,0,1,0.04152375377938346,0,1,DROUGHT
-0.49653895558751965,-0.20055866315489226,0.9036572283663321,0,1,0.05703829576227188,0,1,DROUGHT
-0.46403030765095293,-0.12054568999389438,0.04377199968195656,0,1,0.09439810397958728,0,1,DROUGHT
-0.2587748949970674,-0.2678646818195499,-0.1352924533652865,0,1,0.008788477724553486,0,1,DROUGHT
-0.39289009770476974,-0.26031393830188926,1.039301379099989,0,1,0.031071010091904692,0,1,DROUGHT
-0.3267715929086741,-0.2516671503077792,-0.8019810574440539,0,1,0.03092362806409997,0,1,DROUGHT
-0.4396299128652516,-0.28843657849005805,-0.049265481835484404,0,1,0.012831742759108245,0,1,DROUGHT
-0.34624342377511047,-0.1365441152260328,-1.0370689678928133,0,1,0.019039337993106357,0,1,DROUGHT
-0.37672821974407805,-0.08172942615458194,-0.11733516446978573,0,1,0.06978320826391676,0,1,DROUGHT
-0.34029072092693535,-0.12711832844155085,-0.8320858467319178,0,1,0.09788421062583484,0,1,DROUGHT
-0.5740931952962386,-0.2036723369796241,0.43946768809396364,0,1,0.09708838949574605,0,1,DROUGHT
-0.3003380461933506,-0.054459287805573166,-0.3025550493944437,0,1,0.06211461751077751,0,1,DROUGHT
-0.4898873875313664,-0.09925603304233686,-0.4102076450222743,0,1,0.0648116714781075,0,1,DROUGHT
-0.25542300599737533,-0.29165511000016114,-0.7518736681986249,0,1,0.08287371828971114,0,1,DROUGHT
-0.5893949271933666,-0.304666562503881,-0.11689139293913478,0,1,0.013253296874437898,0,1,DROUGHT
-0.37528467839317514,-0.28868748206946904,-0.6315134727050276,0,1,0.07390883276289843,0,1,DROUGHT
-0.3736908466190562,-0.07912682271180137,0.4531510069101409,0,1,0.047034312100789316,0,1,DROUGHT
-0.4538700014586285,-0.046635788451360655,-0.7407503954993692,0,1,0.04793347591032642,0,1,DROUGHT
-0.45632601817995444,-0.31635292561065237,-0.03340347213594517,0,1,0.03970810169846101,0,1,DROUGHT
-0.5090516924422305,-0.11914567044399214,0.5938187004093036,0,1,0.0774604479969289,0,1,DROUGHT
-0.4338261386350882,-0.1624165565808915,0.028895053953480163,0,1,0.06125970647164322,0,1,DROUGHT
-0.31810016387627227,-0.036802936218357424,-0.8197199373861559,0,1,0.04229273668435382,0,1,DROUGHT
-0.5800642871498888,-0.055096341930716254,-0.5077629010716483,0,1,0.05242956852578298,0,1,DROUGHT
-0.4754319630740076,-0.10040283440235237,-0.5530407806831019,0,1,0.05362094822444777,0,1,DROUGHT
-0.5495984201750636,-0.01903043718256753,0.8235311577234176,0,1,0.026878384730034975,0,1,DROUGHT
-0.3464073323417575,-0.2043331704252789,-0.22313647216470311,0,1,0.030717537276282587,0,1,DROUGHT
-0.2507607073195287,-0.1708793374978922,0.8553146647897754,0,1,0.04705473962282314,0,1,DROUGHT
-0.532763733320655,-0.31671159681030475,-1.0216023137015366,0,1,0.02180994520138166,0,1,DROUGHT
-0.44416549892976726,-0.2664854349363923,0.25394151657891234,0,1,0.08359626991831334,0,1,DROUGHT
-0.2211791912082701,-0.24141032615503683,-0.5736253347725685,0,1,0.03880112972524722,0,1,DROUGHT
-0.5317884228834509,-0.015423843383760814,0.98236434099986,0,1,0.020066070180953372,0,1,DROUGHT
-0.6074139732092876,-0.19111894226714937,0.9129783566000218,0,1,0.11265486615482372,0,1,DROUGHT
-0.4684324821918248,-0.2323666131674575,-0.02713201040283632,0,1,0.02012830741920579,0,1,DROUGHT
-0.6237689194526562,-0.039644883333842695,0.6728498141633694,0,1,0.06893081183491633,0,1,DROUGHT
-0.5825217003217096,-0.24570983984915595,-0.4316986694960344,0,1,0.014791904571121377,0,1,DROUGHT
-0.49122019810917344,-0.15687725703615482,0.05372239851431919,0,1,0.05522436882237947,0,1,DROUGHT
-0.34665207571204026,-0.2918726084826502,0.5456077608724029,0,1,0.06271522310183145,0,1,DROUGHT
-0.5099773214244343,-0.23775267770649464,-0.34181130233928136,0,1,0.07549643187750314,0,1,DROUGHT
-0.4291698004672197,-0.2775320150750394,0.9598091638894768,0,1,0.038554979106351694,0,1,DROUGHT
-0.4943496779884268,-0.26215461305750265,-0.9840695346228222,0,1,0.021537851268423534,0,1,DROUGHT
-0.582230693048717,-0.05528708725179606,-0.8709179781379163,0,1,0.09466252322844981,0,1,DROUGHT
-0.2727599654758578,-0.3066723352726626,0.017915605777647902,0,1,0.10559484153196395,0,1,DROUGHT
-0.48581990359683624,-0.28656139466858926,0.006109243500737717,0,1,0.027095972123472874,0,1,DROUGHT
-0.32246478492277075,-0.20499998932287275,-0.5997760527858716,0,1,0.056026006329546275,0,1,DROUGHT
-0.5011977424007881,-0.18889334646197398,0.06459909683638,0,1,0.09578541446992407,0,1,DROUGHT
-0.3351229402092968,-0.30521698109681816,-0.9649665849022206,0,1,0.020824365308098176,0,1,DROUGHT
-0.443440636067962,-0.06273710059722638,0.09106352631399757,0,1,0.03175877430631585,0,1,DROUGHT
-0.626108874108292,-0.24535605886270376,-0.7907799692572566,0,1,0.014988909129678188,0,1,DROUGHT
-0.5256816473972097,-0.11738343631823311,0.7090865858098546,0,1,0.03524729394365841,0,1,DROUGHT
-0.4233538820617698,-0.12035348774989627,0.6673387721010382,0,1,0.04262869652810309,0,1,DROUGHT
-0.5444039806242484,-0.07352339180792923,-0.9183252974339849,0,1,0.06251301599961648,0,1,DROUGHT
-0.5161167663147225,-0.11989588510656682,0.8423723536628465,0,1,0.07544041381470326,0,1,DROUGHT
-0.42782418474438494,-0.28103069068869174,-0.4876059050521549,0,1,0.011105144203680261,0,1,DROUGHT
-0.5508398271400683,-0.22314908051791987,0.17075696323052791,0,1,0.00014888835255968247,0,1,DROUGHT
-0.2607732461923384,-0.07974279761652898,0.0872612076818442,0,1,0.07210990796576977,0,1,DROUGHT
-0.5022048072154114,-0.24008662732197092,-0.1456108713419587,0,1,0.004588936236284401,0,1,DROUGHT
-0.28631670143880955,-0.06254388809508134,-0.017924474111502203,0,1,0.06335305467773472,0,1,DROUGHT
-0.2913188010137694,-0.002606726994213027,0.8792070453421904,0,1,0.0844802037998993,0,1,DROUGHT
-0.30385371326805466,-0.18907262571658648,-0.6202856883769226,0,1,0.042151728195298166,0,1,DROUGHT
-0.3297408106647333,-0.011968966750709815,-0.6356255089209033,0,1,0.003458917957745691,0,1,DROUGHT
-0.2917772407459119,-0.11126496713144132,-0.9736047525412981,0,1,0.01187085737931825,0,1,DROUGHT
-0.36478790356464935,-0.03723548616654155,1.0145212960264487,0,1,0.09369283198751592,0,1,DROUGHT
-0.4326106924424865,-0.17068252620278934,-0.2832203824037389,0,1,0.05561698621639553,0,1,DROUGHT
-0.5329985402936832,-0.19015068289318574,-0.43899267119510116,0,1,0.014451559197980593,0,1,DROUGHT
-0.4172081281534891,-0.2929292600383116,-0.8398504488215117,0,1,0.0487505036677166,0,1,DROUGHT
-0.2717407923656044,-0.3090081101150477,0.41094980835819495,0,1,0.0805850656034731,0,1,DROUGHT
-0.39080210386778197,-0.047482155679489074,-0.5371548078147192,0,1,0.08249932366058955,0,1,DROUGHT
-0.3712646232308017,-0.20287470811003566,0.3427393166083665,0,1,0.0809867326660652,0,1,DROUGHT
-0.49459365633101743,-0.019572617886741226,-0.7975784597224094,0,1,0.0779262883431607,0,1,DROUGHT
-0.6042706109580112,-0.18114231468707434,0.3748719626872412,0,1,0.06386535428799893,0,1,DROUGHT
-0.5463114993801056,-0.06266214029193237,0.5510476163998625,0,1,0.05555504791351564,0,1,DROUGHT
-0.3784063873827879,-0.026244110761405853,-0.7057702112580837,0,1,0.08844774889813667,0,1,DROUGHT
-0.6678413727099599,-0.16526866227797649,-0.3190477530882651,0,1,0.03696135839277287,0,1,DROUGHT
-0.5168334895984499,-0.06328104916114685,0.03168321739090594,0,1,0.004701779582926292,0,1,DROUGHT
-0.277909520824649,-0.225784995556787,-0.46054973387887493,0,1,0.10904517732397372,0,1,DROUGHT
-0.3608173203874688,-0.016198764157737924,-0.1952453211214901,0,1,0.011259615316747944,0,1,DROUGHT
-0.4129544261969856,-0.232486452132166,0.22002500061977467,0,1,0.08558564728704543,0,1,DROUGHT
-0.5040394540216593,-0.09845377826558432,0.5013973071032937,0,1,0.045367469307738294,0,1,DROUGHT
-0.4886499275287921,-0.2819965028575279,0.17305593272264433,0,1,0.05075557436697493,0,1,DROUGHT
-0.5395387946481595,-0.29457572417931216,-0.11755116999853965,0,1,0.08505931562396521,0,1,DROUGHT
-0.4779957517848679,-0.18773364711391544,-0.9460237231795339,0,1,0.047975747437208886,0,1,DROUGHT
-0.4992337342001517,-0.10031558531456929,0.044588476993926277,0,1,0.09481279119938725,0,1,DROUGHT
-0.2999113498484695,-0.1513872046158542,0.6662005232809612,0,1,0.08058000878369868,0,1,DROUGHT
-0.3184456138778564,-0.09262843414141858,0.05218487120484154,0,1,0.04355296052381581,0,1,DROUGHT
-0.31063153580830655,-0.08626685647512622,0.0012164479864015634,0,1,0.039934742759607185,0,1,DROUGHT
-0.4719070448563172,-0.24374924522233873,0.4891870225227713,0,1,0.043112806027819126,0,1,DROUGHT
-0.5533361878197164,-0.018378745092956034,0.27413157567296537,0,1,0.00505109299311742,0,1,DROUGHT
-0.4844569827194163,-0.28295058834757775,0.5157895113349722,0,1,0.07788817524722313,0,1,DROUGHT
-0.3991893017591692,-0.13978314495363073,0.02804391320472751,0,1,0.08785531054937135,0,1,DROUGHT
-0.4736240896970732,-0.08841950455973377,-0.8982847765523837,0,1,0.09906233771710905,0,1,DROUGHT
-0.49033077045151363,-0.18391677195150286,-0.6721184790193866,0,1,0.08265897904353761,0,1,DROUGHT
-0.3661293599820457,-0.11857699953853054,-1.0799976872119958,0,1,0.014618418449978491,0,1,DROUGHT
-0.4386554907614225,-0.28445446353580217,0.194604483959564,0,1,0.07983518870183504,0,1,DROUGHT
-0.45905335015102094,-0.2611804823020853,0.7321386446753747,0,1,0.06894157205163466,0,1,DROUGHT
-0.44475002021083854,-0.15295228624589294,-0.5875207557541954,0,1,0.02812704163366018,0,1,DROUGHT
-0.33457726320024794,-0.05636047290457617,-0.5348480286287894,0,1,0.011791799402638433,0,1,DROUGHT
-0.39234151159562486,-0.23433251766360824,-0.09893257036176438,0,1,0.0943793462843125,0,1,DROUGHT
-0.3249768963688856,-0.14415015259399783,0.042244057758159176,0,1,0.02552077224959444,0,1,DROUGHT
-0.31917793105017145,-0.04419113722472482,-0.7229879025204328,0,1,0.046054324165802706,0,1,DROUGHT
-0.4190795593072405,-0.010696342126323238,0.23132563353424448,0,1,0.03373306442787579,0,1,DROUGHT
-0.45637907426204816,-0.2262839282599373,0.2844378353955405,0,1,0.0025038843451100166,0,1,DROUGHT
-0.46378053376749073,-0.27951588245566616,0.31726757225923136,0,1,0.06372281843972309,0,1,DROUGHT
-0.5229158732648725,-0.25542683971824326,0.004810068613203966,0,1,0.06987695403851109,0,1,DROUGHT
-0.3094891827982008,-0.05230697395581263,0.4001947692782059,0,1,0.05472738120038848,0,1,DROUGHT
-0.2737030699321914,-0.12033037130266065,0.3481055469427765,0,1,0.006237893402875324,0,1,DROUGHT
-0.3817685766106603,-0.10309024481363581,-0.8079819908101323,0,1,0.05152883758977219,0,1,DROUGHT
-0.3031227466990946,-0.12938308852858632,-0.5686519925730278,0,1,0.013539631150859184,0,1,DROUGHT
-0.2455861255961481,-0.02170294987370798,0.34573470289342784,0,1,0.03156586142819791,0,1,DROUGHT
-0.3073252274593479,-0.21294023739622095,0.04839967849469919,0,1,0.05022361201115755,0,1,DROUGHT
-0.5104036219105234,-0.1413095133067728,-0.3245173447161217,0,1,0.0283709573858865,0,1,DROUGHT
-0.28400892944587086,-0.07607960655813416,1.0321274148994406,0,1,0.013821019132913812,0,1,DROUGHT
-0.354838108609404,-0.14499030074494004,-0.8104637367450732,0,1,0.07688063543543198,0,1,DROUGHT
-0.28173371739873027,-0.17990393788401393,0.17883329158033362,0,1,0.08658900945484183,0,1,DROUGHT
-0.2558630262465885,-0.25791482044763986,0.6076578579042865,0,1,0.03883678227163848,0,1,DROUGHT
-0.6247128893792894,-0.03614825413665301,-0.1859031819773389,0,1,0.0031177403265004746,0,1,DROUGHT
-0.4448792003101945,-0.2665453453529024,0.6837117127670331,0,1,0.022530862090530894,0,1,DROUGHT
-0.3461683796165371,-0.10724144801788885,0.23961192912723406,0,1,0.00759555184682009,0,1,DROUGHT
-0.2749434549803937,-0.29344949039487433,0.4758020114388411,0,1,0.05336374893617605,0,1,DROUGHT
-0.32006067935766164,-0.0517088737284303,0.2798477295918631,0,1,0.007670379624218427,0,1,DROUGHT
-0.449166116445465,-0.14799804665916266,-0.5006450391514105,0,1,0.004524487164553326,0,1,DROUGHT
-0.5592446673280208,-0.1697054953382851,-0.08766325346378888,0,1,0.10237766447668645,0,1,DROUGHT
-0.3197870330035877,-0.1478975589633378,-0.08947991646805117,0,1,0.06503127669638796,0,1,DROUGHT
-0.5435246535782473,-0.19245384877729535,0.1692545778404693,0,1,0.046453168891491536,0,1,DROUGHT
-0.36866431825368257,-0.010496555047042421,-0.7146907326176303,0,1,0.09346250964920329,0,1,DROUGHT
-0.42532120380919264,-0.18910412655594497,0.2487605458308024,0,1,0.08467949814164147,0,1,DROUGHT
-0.3239954426392311,-0.04283012311279415,0.5640724096465399,0,1,0.018022639520472547,0,1,DROUGHT
-0.3150971885909017,-0.21612900853769418,0.608998158870808,0,1,0.013062016469537053,0,1,DROUGHT
-0.33205627545183575,-0.14975020447848367,-0.20600914519729835,0,1,0.02018689177541815,0,1,DROUGHT
-0.266311617216929,-0.19908220367265628,-0.36146391216785184,0,1,0.05172724101873663,0,1,DROUGHT
-0.39689656010103597,-0.10199084107780328,0.35827618178377685,0,1,0.011427252014829617,0,1,DROUGHT
-0.4919911646826425,-0.016243840059294353,0.7284262435073976,0,1,0.05039658977685726,0,1,DROUGHT
-0.4612441939840494,-0.08343044528854271,0.023569560145153424,0,1,0.023889599986432045,0,1,DROUGHT
-0.4684813848500021,-0.23681090998186227,-0.2301051561716645,0,1,0.03792984325693986,0,1,DROUGHT
-0.33235197935140726,-0.26522452770387156,0.9368445192192368,0,1,0.06166463024384544,0,1,DROUGHT
-0.5034123281394441,-0.0507319327324718,-0.4259607634988144,0,1,0.0022549201188230886,0,1,DROUGHT
-0.3154277217919193,-0.2470578547797696,0.12520173596154524,0,1,0.01932170165181784,0,1,DROUGHT
-0.4861481479081096,-0.17708690101207375,0.879587872157261,0,1,0.044644729958895214,0,1,DROUGHT
-0.5427185352568252,-0.14570815342204746,-0.8401014599907817,0,1,0.07395466957166348,0,1,DROUGHT
-0.27540377715872366,-0.17222371216099033,1.0666732462123272,0,1,0.04717129790350879,0,1,DROUGHT
-0.25361835240634434,-0.21299551404695571,-0.14556820347996888,0,1,0.00701963238860924,0,1,DROUGHT
-0.4837275771850617,-0.24370235114660443,0.44594435266217014,0,1,0.011639041785807719,0,1,DROUGHT
-0.625807625649957,-0.18793517279585917,0.7606598249969894,0,1,0.01173692289221705,0,1,DROUGHT
-0.3991558918069034,-0.3085556626577729,-0.39412887138218533,0,1,0.02071149781589,0,1,DROUGHT
-0.3456075525113664,-0.2034568494005328,-0.5181712279522359,0,1,0.1116757506237903,0,1,DROUGHT
-0.3882395687994967,-0.1966138863543458,0.3318185573990117,0,1,0.03191647671567355,0,1,DROUGHT
-0.5819337763921123,-0.058761728349066504,0.9527537202921166,0,1,0.08453316240778277,0,1,DROUGHT
-0.6069270758827878,-0.05855360839427793,0.540122921426987,0,1,0.08163584046178635,0,1,DROUGHT
-0.5344389892259426,-0.2136096005025614,0.788927044278726,0,1,0.013157410668029923,0,1,DROUGHT
-0.6298967070680762,-0.02596820348193969,-0.33828565118664944,0,1,0.05937716267531561,0,1,DROUGHT
-0.312809696916514,-0.11357732668646632,0.8470168712436902,0,1,0.014912436859630293,0,1,DROUGHT
-0.6273185752155528,-0.278496547103725,0.6707091194647357,0,1,0.04896880075801362,0,1,DROUGHT
-0.6314745309069383,-0.14800049290547426,0.6697028084732484,0,1,0.045531498853712216,0,1,DROUGHT
-0.4897913581649446,-0.11372861641484311,0.4286235084814961,0,1,0.04764311788099135,0,1,DROUGHT
-0.5255585358710043,-0.2671894362298536,0.3265496976369405,0,1,0.09727877523940623,0,1,DROUGHT
-0.5783826818249757,-0.24920876267027864,0.11621327402422549,0,1,0.07413479897127681,0,1,DROUGHT
-0.4476372436184906,-0.07004737717670691,-0.2504094132071725,0,1,0.004587349321464006,0,1,DROUGHT
-0.2917954773736369,-0.03228633394233832,0.0815142554787667,0,1,0.07530447352706927,0,1,DROUGHT
-0.43476475984198276,-0.16356574049080783,-0.7073989068415887,0,1,0.032231709409224055,0,1,DROUGHT
-0.35257840349001424,-0.13065962338963505,0.09555749860231998,0,1,0.047412498044794436,0,1,DROUGHT
-0.37331534732198063,-0.28401198140820644,-0.3744097544487501,0,1,0.04626030726436136,0,1,DROUGHT
-0.5748499870359709,-0.25993524230812615,-0.08857003174081918,0,1,0.012624345530478432,0,1,DROUGHT
-0.3092732622413449,-0.13148685769031906,-0.46156127886617027,0,1,0.059351260004225255,0,1,DROUGHT
-0.30951595597568315,-0.0791675204256792,0.4147099046976943,0,1,0.0088567108617198,0,1,DROUGHT
-0.502088685249114,-0.012750446519785559,-0.2538483167680013,0,1,0.02155906254741521,0,1,DROUGHT
-0.27871976335006593,-0.2023855285111046,-0.13196653247186085,0,1,0.040579189183100106,0,1,DROUGHT
-0.31676034936519964,-0.1908988579104067,0.4921141837317174,0,1,0.01929801363645086,0,1,DROUGHT
-0.5316133858149854,-0.16308224775197147,0.7007712781850325,0,1,0.04260753113024386,0,1,DROUGHT
-0.3413075308143227,-0.2312891498845405,-0.8932358874345404,0,1,0.03066329301344374,0,1,DROUGHT
-0.40166296490470793,-0.11516430939606402,-0.8765437238484234,0,1,0.06166435996700067,0,1,DROUGHT
-0.4299710791719574,-0.10636660664677164,0.501808795667252,0,1,0.004191048917424536,0,1,DROUGHT
-0.35262290585588985,-0.30306573228306016,0.32702763356945763,0,1,0.10779371161161304,0,1,DROUGHT
-0.2807303571206358,-0.15243949298117387,0.7678907906569612,0,1,0.058969833201638545,0,1,DROUGHT
-0.5316769652425372,-0.06913640901389849,0.5492623925079693,0,1,0.09419276270034842,0,1,DROUGHT
-0.45947409291759256,-0.07646785321567025,0.46112075163136806,0,1,0.07760852933671582,0,1,DROUGHT
-0.6001968015953404,-0.03556917968757787,-0.8003838545785572,0,1,0.0004925047313717763,0,1,DROUGHT
-0.5508903394145898,-0.04375435206568722,0.25737912198176655,0,1,0.01045239923387362,0,1,DROUGHT
-0.6494081395789635,-0.11095318156366313,-0.10284571471354254,0,1,0.003676233507072252,0,1,DROUGHT
-0.5615702353710551,-0.23209402907930968,-0.5412136731680589,0,1,0.09090236724382789,0,1,DROUGHT
-0.48750454733250975,-0.20053424100100742,-0.21174598997303296,0,1,0.04901539777888117,0,1,DROUGHT
-0.36260351914978584,-0.19196128300973664,0.7863428247429235,0,1,0.04121122184786064,0,1,DROUGHT
-0.5656644401731319,-0.21642652326840725,0.684487716349145,0,1,0.06059754244993305,0,1,DROUGHT
-0.3748845327497684,-0.1321050493288609,-0.5211280396004978,0,1,0.09170234240698194,0,1,DROUGHT
-0.3746417366960416,-0.010611495270220133,0.0652877801724533,0,1,0.052134338588337936,0,1,DROUGHT
-0.38993170025319074,-0.32879263403144876,0.501992754645227,0,1,0.08568124736068787,0,1,DROUGHT
-0.26443769450844595,-0.2488980197558813,-0.12084299864456599,0,1,0.0036272501566161778,0,1,DROUGHT
-0.26978944197473886,-0.09373045490161346,0.5959228914824317,0,1,0.014706535890788432,0,1,DROUGHT
-0.34425523290313476,-0.1436681925093495,0.5309341933635325,0,1,0.06158309326332195,0,1,DROUGHT
-0.3287515798407823,-0.12066076589611287,0.5607928821298144,0,1,0.07804899184130289,0,1,DROUGHT
-0.45670020047360066,-0.17731886375791597,0.13917386968136275,0,1,0.06815267398586675,0,1,DROUGHT
0.03703424209849119,0.08917950884695788,-0.5029410100493457,0,0,3.293410738372176,0,0,NORMAL
-0.006105403863534837,-0.08827679547281388,0.2909383522908962,0,0,1.5218423237009222,0,0,NORMAL
0.10312393011098475,0.026740920563711596,-0.8940171821025944,0,0,3.2033619572768477,0,0,NORMAL
-0.04379101804294669,0.08285711312632207,-1.0178781866144049,0,0,3.168004947773197,0,0,NORMAL
0.04477676017962911,0.08807948620149426,0.1440915704765381,0,0,0.3216293068805347,0,0,NORMAL
0.041981774917588754,-0.10409330007059876,-0.8222571599446685,0,0,0.7420789611193666,0,0,NORMAL
0.016665719956732605,0.1928488283851052,-0.256170749195204,0,0,1.1282086440236376,0,0,NORMAL
0.04989569519953999,-0.07682776327967723,0.8551673901847276,0,0,2.2544666426386004,0,0,NORMAL
0.0917384460622311,0.2943972659470012,-0.27445694979579305,0,0,2.1249995764894383,0,0,NORMAL
0.013298265379609762,0.06921790308903378,-0.7498718933204119,0,0,1.7770186473511014,0,0,NORMAL
0.11914840134042098,-0.10108554641383385,0.1695566326554686,0,0,2.293903675041486,0,0,NORMAL
0.12533443019809296,0.059327996811387396,0.6653560228600995,0,0,0.8576509414174714,0,0,NORMAL
-0.07521493681286513,0.07566845107795507,-0.5527715630183055,0,0,2.145979017892587,0,0,NORMAL
-0.0800833631957766,-0.06654764146030587,-0.1403704521826602,0,0,1.8565936702422516,0,0,NORMAL
-0.001552766561250567,0.05840569444704839,0.3340152656821738,0,0,1.921523934897447,0,0,NORMAL
0.0706511786043387,0.13589387688825452,0.49264911509360537,0,0,2.893502574097771,0,0,NORMAL
-0.006408284505571426,0.19932655870143015,0.36662087964855555,0,0,3.164471813469682,0,0,NORMAL
0.014141368607316013,-0.08906264863652151,0.18760089306936595,0,0,2.3675518734000787,0,0,NORMAL
0.15195274219187238,0.08190398301248066,0.20742625652460034,0,0,2.865490505180864,0,0,NORMAL
-0.09095111764088026,0.0925571414578127,0.33873493263831295,0,0,1.560843578745485,0,0,NORMAL
-0.035240474179092623,-0.004670235598180216,-0.7142432108511597,0,0,2.2428447900476436,0,0,NORMAL
-0.06550537394614181,0.009014066961226695,-0.7801060491565639,0,0,3.2986167853084103,0,0,NORMAL
0.04083617915134931,0.23014662918106868,0.57992597325209,0,0,3.466302198101729,0,0,NORMAL
0.015165246012945787,0.0034279525247555764,-0.803813998379549,0,0,0.1551959771826094,0,0,NORMAL
0.12010053881895473,0.09768696389791218,-0.6329753621672897,0,0,0.5023071736200259,0,0,NORMAL
0.14592859550149828,-0.04010423872396537,0.6795642680474466,0,0,1.8181103615861751,0,0,NORMAL
-0.024673560135535438,-0.03055912495724188,0.8448628056221027,0,0,3.3303271465701005,0,0,NORMAL
-0.011758111357037086,-0.008441760108883036,-0.2643301094027338,0,0,2.6862717236394915,0,0,NORMAL
-0.06905709018566758,0.000377793550135872,0.8413843383999874,0,0,1.8346383887553364,0,0,NORMAL
0.08057231462015223,0.041277157447968824,0.08591440335881666,0,0,0.23114441283600157,0,0,NORMAL
0.05937803199845229,-0.07572694918944176,-0.42111273709084385,0,0,3.5284646309738767,0,0,NORMAL
0.06937903453025306,-0.08755240431664685,-0.9602124806059543,0,0,2.637346193002947,0,0,NORMAL
-0.08601706875500248,0.17349760123067837,-0.40633373459468475,0,0,2.402744750988395,0,0,NORMAL
-0.09519857501203101,0.008845479100466503,-0.7353342003324171,0,0,2.7951505090397015,0,0,NORMAL
-0.07945615306962178,0.30128255952076416,-0.31150617220523413,0,0,3.179642727338984,0,0,NORMAL
-0.04055247582329885,0.01387379504069958,-0.7047274566158508,0,0,1.0477956785479696,0,0,NORMAL
-0.0981724132295768,0.07778327305158676,0.53406928278189,0,0,0.10233745369643728,0,0,NORMAL
0.11140655875534324,-0.05034603902756219,-0.15828175444198342,0,0,2.1146160810265124,0,0,NORMAL
-0.02833280470892389,-0.03230950591222235,-0.9257043046508199,0,0,2.7023565835658605,0,0,NORMAL
0.11112936475216528,0.047288308111215926,0.684367414279444,0,0,2.6648729190439155,0,0,NORMAL
0.010265594637074368,-0.03008998707905721,0.4273999699794427,0,0,3.6833290411365645,0,0,NORMAL
0.0872402119346494,-0.04121921782920684,1.0319355937955363,0,0,2.8147642840279414,0,0,NORMAL
-0.07070892387554388,0.1325095722289777,0.6751606982611228,0,0,0.927134655338075,0,0,NORMAL
0.10016843963997428,0.133322889940876,-0.36775221053871227,0,0,2.221358541307059,0,0,NORMAL
-0.08957538597253185,0.07763107053223943,0.6990735401252987,0,0,2.1230858825700474,0,0,NORMAL
0.0873026499594971,0.08057546962898453,0.04311677024880242,0,0,2.6184152083245746,0,0,NORMAL
0.00013187720730835407,-0.005507501373417661,-0.33335791463441633,0,0,3.017767579557973,0,0,NORMAL
0.09216436652438988,-8.677362273328084e-05,0.665605067832679,0,0,3.323627494922636,0,0,NORMAL
-0.06563860412337909,0.08124623779536147,0.11691566303301346,0,0,2.987255280185452,0,0,NORMAL
-0.008546983197682144,0.04575010053675822,0.826809823704323,0,0,0.9588991726983832,0,0,NORMAL
0.006795862850141802,0.1024616493485239,-0.6620120495535435,0,0,2.6403024111745497,0,0,NORMAL
0.0751336645934079,0.07322337876291202,-0.604357043223005,0,0,1.8419377033325872,0,0,NORMAL
-0.05196067195107107,-0.08002011997343067,0.10910440046593949,0,0,2.5866375129381733,0,0,NORMAL
-0.059449701466520274,0.06557192256477541,-0.37662378541353847,0,0,0.5687431088860481,0,0,NORMAL
-0.05757397891650355,-0.08631887088077905,-0.935608024573072,0,0,2.7150284886121043,0,0,NORMAL
0.1319520595928762,-0.04558789385681391,-0.53276536510829,0,0,2.225397034451983,0,0,NORMAL
-0.04148336803085275,-0.010316470650770612,-0.23311733091637374,0,0,2.723659588615854,0,0,NORMAL
0.11503281186169359,0.06770020529030453,1.1078580244096405,0,0,0.8009043429609349,0,0,NORMAL
-0.10047915991413624,0.03509285265859474,0.2927376390338554,0,0,1.7305306398906124,0,0,NORMAL
-0.01927677041942384,0.20338511767198503,-0.2590143731643119,0,0,1.3249008774561761,0,0,NORMAL
-0.044468610062874475,0.22417443289869668,-0.11953028082174116,0,0,1.2058639713734798,0,0,NORMAL
-0.017032130631651734,-0.03227263068016407,-0.7663211551462371,0,0,2.771533534282606,0,0,NORMAL
-0.07616465151248333,0.11487517249126335,0.5078423393861947,0,0,1.6765707319602767,0,0,NORMAL
0.00990643602224206,0.044272279819505996,-0.02635537768303962,0,0,2.168615052294474,0,0,NORMAL
-0.04675882702214773,-0.008924778217603895,-0.11208154703400745,0,0,1.3599470589646636,0,0,NORMAL
0.049290949087017186,0.0327943619373747,-0.14344629933920716,0,0,1.2500560091345476,0,0,NORMAL
0.1462173443512243,0.16531841350490445,-0.21919210247347784,0,0,0.4831923504194516,0,0,NORMAL
-0.08898192646206292,-0.06049240511418498,0.1645310654577239,0,0,0.9038895919407663,0,0,NORMAL
-0.044447351738759064,0.05796772047141941,0.5893414969268452,0,0,0.9004053719757319,0,0,NORMAL
0.10069591219152471,0.010822887610765178,0.42922744557901465,0,0,0.7670497489659274,0,0,NORMAL
-0.020848906621214483,0.04514879383573404,-0.8936452506369027,0,0,3.1517721066656708,0,0,NORMAL
0.1261242721731288,0.013827433954289835,0.5593041533888226,0,0,0.24736919396699547,0,0,NORMAL
-0.06507329438512215,0.015645534494351163,-1.0121447298129649,0,0,0.5442935721314756,0,0,NORMAL
-0.06940579311764754,0.10149891035613573,0.744568867378977,0,0,2.847555404066951,0,0,NORMAL
-0.0030388646727277408,0.07605530948476036,-0.28034658441597543,0,0,0.43814346011246574,0,0,NORMAL
-0.09634309216090331,0.08020524541979261,-0.589097918065164,0,0,1.470131958995176,0,0,NORMAL
0.11304439186517112,0.04583089921683616,-0.6016250696853539,0,0,0.6214435402535217,0,0,NORMAL
0.16022597551097142,-0.040565883104887124,-0.9562598743115283,0,0,2.3543622414666463,0,0,NORMAL
-0.017453286432096548,0.22756533039558244,-0.7355679514717579,0,0,2.478716967329359,0,0,NORMAL
-0.0513708375884253,-0.010424918694302603,0.0019637643521057077,0,0,1.0509553842868185,0,0,NORMAL
-0.026883867934452108,-0.04701786776011061,0.5253701088975353,0,0,3.035253308243953,0,0,NORMAL
-0.00925372931036186,0.02789122704789884,-0.6517699339706058,0,0,1.8066626439585276,0,0,NORMAL
0.053180567608663486,0.034802116644304805,0.7216553044639968,0,0,2.197041805036934,0,0,NORMAL
-0.07104716868019705,0.02473930443600924,0.7122601342329866,0,0,2.6353928356112584,0,0,NORMAL
0.05022637759762573,0.11433729804635007,0.0021684952269594364,0,0,1.3913944275566241,0,0,NORMAL
-0.0069041489599196235,-0.07968141667061608,-0.8708633450206005,0,0,2.2389132684099207,0,0,NORMAL
0.1452032498520483,0.016775400414093034,-0.24825548524570012,0,0,1.7782069673138068,0,0,NORMAL
-0.04203062732943735,-0.010632537445456674,-0.2538696186485656,0,0,1.4221593236514871,0,0,NORMAL
-0.1013560352416561,0.014713744154015796,0.9114540040822109,0,0,3.737183615835214,0,0,NORMAL
0.03232041296753021,-0.08995140814195873,-0.039750632623715525,0,0,2.8935484157723277,0,0,NORMAL
-0.013603382390178454,0.04621297499413627,0.15625275046647347,0,0,3.4739345246075826,0,0,NORMAL
-0.10298577057110155,0.2621351452289251,0.08847738222591167,0,0,0.9238526922614889,0,0,NORMAL
0.02217900384414195,0.004727522629977506,-0.3701062433700504,0,0,2.525463285592726,0,0,NORMAL
-0.09529993142276522,-0.010347279611952658,-0.3358603562471893,0,0,1.177035867027408,0,0,NORMAL
-0.05529872518426957,0.1772718605057613,1.0142113061982234,0,0,1.5946997644389318,0,0,NORMAL
-0.02907417349757241,-0.05078582340920179,-0.5031092664951393,0,0,1.423518102927787,0,0,NORMAL
0.093713216678908,0.03591855753015633,-0.4734869978305185,0,0,0.8671652693672962,0,0,NORMAL
0.051000385516954974,0.19600586917939253,0.7928620419097242,0,0,2.6600035303688823,0,0,NORMAL
0.05849845329410161,0.2611230695080674,0.26105383402736654,0,0,2.2400028143326365,0,0,NORMAL
0.11553601947895939,0.07227590312284192,0.48310159724462304,0,0,0.7100139548273242,0,0,NORMAL
0.13791148775432224,0.17292138622983688,0.404497689707847,0,0,3.0563251947553067,0,0,NORMAL
-0.013515842530695283,0.22604465885923225,0.4813092249996064,0,0,1.1355365882868969,0,0,NORMAL
0.06081055636508792,-0.05453487926677851,0.7630245969225365,0,0,2.263748865938269,0,0,NORMAL
0.039949266632621244,-0.046708609439232086,-0.014488981077875702,0,0,2.7340757145279495,0,0,NORMAL
-0.06538364736334135,-0.07958498002061866,-0.047124276336068915,0,0,2.7447382626898706,0,0,NORMAL
0.09028330090718281,-0.11034167107938045,0.8402657420648126,0,0,3.4406436887418708,0,0,NORMAL
-0.0727859043629948,-0.0682278001013886,-1.0066102680275617,0,0,2.943687640883128,0,0,NORMAL
0.031157886547416077,0.012085189921280944,-0.6607277053204401,0,0,2.1010982975249792,0,0,NORMAL
-0.0866120968403237,0.27340487501468175,0.5541715951732383,0,0,1.6379654734465654,0,0,NORMAL
-0.027325293972377904,0.17941032689442302,-0.008659178149425637,0,0,0.7740060271992095,0,0,NORMAL
0.12894490697575425,-0.08480113984655348,0.22725674150606753,0,0,1.1668458279106966,0,0,NORMAL
0.0890029835394079,0.01951642622689106,-0.1547723862870931,0,0,2.164198459915347,0,0,NORMAL
-0.08363688156451839,-0.014945640586516058,-0.5976948055901191,0,0,0.8796321883717527,0,0,NORMAL
0.020028643731767794,-0.020266219878401402,-0.4167710082248253,0,0,2.1460764696041936,0,0,NORMAL
0.008904531595967873,-0.08235942486779262,0.4659230774520362,0,0,0.290969461289868,0,0,NORMAL
-0.01516396617560785,0.09119317458464717,-0.4588019246494213,0,0,1.513343213904247,0,0,NORMAL
0.04741670135809514,-0.014284655520987392,0.6874779893247783,0,0,0.7416220873807468,0,0,NORMAL
-0.07664095992760012,0.04769769243690339,-0.31649195287852716,0,0,0.5659705886095197,0,0,NORMAL
0.0067114074297288,0.03873823170241313,0.8666446049378018,0,0,1.7875036032957945,0,0,NORMAL
-0.058746610635470826,0.06337805149668944,-0.414373054093029,0,0,0.5119499569645164,0,0,NORMAL
-0.06895262938350644,-0.08562971286447986,-0.22199766620765657,0,0,0.04886564239079126,0,0,NORMAL
0.0908222851113632,0.06566532778880022,0.1480772451656913,0,0,3.19056806678973,0,0,NORMAL
0.09431672402823435,0.0778518681337719,0.4064419112172224,0,0,0.4714711841077307,0,0,NORMAL
0.01855892522751809,0.21742002799456306,-0.3084426879500081,0,0,1.3457798745058704,0,0,NORMAL
-0.0030602236997623075,-0.07131344149298478,-0.37398783925753976,0,0,2.391294592450467,0,0,NORMAL
-0.006245789867011771,0.09828944928852487,0.21287260941339922,0,0,0.08832141995776543,0,0,NORMAL
-0.0764263033843398,0.05719291211735496,0.7580255681777003,0,0,3.0359855743224755,0,0,NORMAL
0.038291020629648106,0.023079969499641806,0.781144735308251,0,0,1.167950471199751,0,0,NORMAL
-0.04785312039528943,-0.02419782837369403,-0.42215153578626613,0,0,0.07438103466146403,0,0,NORMAL
-0.08697268989296093,-0.007699134063653771,-0.33542641621089103,0,0,0.8599787157224055,0,0,NORMAL
-0.0578707377573266,0.12134824003069794,-0.920772683234728,0,0,0.10584681599908109,0,0,NORMAL
-0.007558768393228419,0.1010687391218143,0.182631765659882,0,0,3.179252324917764,0,0,NORMAL
0.08086640764152281,-0.05643772072730179,0.14481208108302207,0,0,1.2484306418099427,0,0,NORMAL
0.14856719583671765,0.18431066555969888,-0.6540024555674562,0,0,2.3926407055204653,0,0,NORMAL
-0.019528889300227812,-0.08680893763198001,-0.4202134933034451,0,0,3.326657187919575,0,0,NORMAL
0.053882417910077994,0.03306648024278796,-0.46145462700377654,0,0,2.6450681839960275,0,0,NORMAL
0.11516278765896885,0.10159517456577807,0.04937123659349774,0,0,1.3122724937905361,0,0,NORMAL
0.11408664113533387,0.24524362094298285,-0.8293532065948486,0,0,1.8831580166843485,0,0,NORMAL
-0.07134293440124333,0.04970134685090449,0.1829498157810938,0,0,1.8700764124156313,0,0,NORMAL
0.13976255760028103,0.07400642519673448,0.8143718149670254,0,0,0.5012074545410443,0,0,NORMAL
0.08565628574375136,-0.027352760300971307,0.15925152296915393,0,0,0.8787054152834813,0,0,NORMAL
-0.08792249241043705,-0.043522974785664206,-0.15458519019079026,0,0,0.9736981335375647,0,0,NORMAL
0.10249423037570739,0.23084108232945158,0.8337594424905338,0,0,2.576137623681827,0,0,NORMAL
0.07551181114093787,-0.0067815615206861055,-0.20197257406134198,0,0,3.2736123707608966,0,0,NORMAL
0.12197032912819063,-0.05950238991567864,0.3398194259179926,0,0,1.2589880676844194,0,0,NORMAL
0.02246394571065411,0.20487138781659547,0.3640526804589362,0,0,0.7148241053834523,0,0,NORMAL
0.01367852637534946,-0.040176356750231096,0.12007015093985159,0,0,1.4082910223713312,0,0,NORMAL
0.03838547707803334,-0.08885757474177221,0.2670051822928593,0,0,0.9717063020541603,0,0,NORMAL
0.1613990251029558,0.04973458439833099,0.3171334959973951,0,0,2.6953251129959335,0,0,NORMAL
0.07583922780973436,0.002842283294334038,-0.27883387967484735,0,0,0.350796151758728,0,0,NORMAL
-0.03191113752242317,0.04033048014600717,0.5970016123368936,0,0,2.9008858319489317,0,0,NORMAL
0.10395394147545539,0.016495436337999877,-0.36455406935608853,0,0,2.690931135424555,0,0,NORMAL
0.08860343875218611,-0.07196593677609067,-0.8757023711811709,0,0,1.5749549547091606,0,0,NORMAL
0.12447076054666914,-0.1068709724806216,0.773686822998285,0,0,2.019787208268277,0,0,NORMAL
0.007944271399552963,-0.03873996174357657,-0.7442266927358078,0,0,3.0793371729723615,0,0,NORMAL
-0.0747632832727661,-0.007776401484265294,0.32983751188373983,0,0,2.062955746346725,0,0,NORMAL
-0.003412435139935548,0.0713088714032571,-0.6644157901196349,0,0,1.3636834651725254,0,0,NORMAL
-0.023696617403399862,-0.009546727775506454,-0.2115675020498668,0,0,0.13240404017162294,0,0,NORMAL
-0.05414446144245548,0.02261149125563316,0.15686265704647523,0,0,1.1997365264236437,0,0,NORMAL
0.08645381950870068,0.042594951933970164,0.2010254929902587,0,0,2.0604190417192862,0,0,NORMAL
0.14689159953856612,0.08579139431467503,0.6727554508294712,0,0,1.2769555810828763,0,0,NORMAL
0.0030644759894210187,0.03514987107369415,-0.4513118913658254,0,0,0.8214448710908587,0,0,NORMAL
0.06529135770966124,0.00017619030476133114,-0.10786847000152776,0,0,1.419900439447422,0,0,NORMAL
0.13385420314136723,0.030143410439450284,-0.07967534949954931,0,0,1.4489445781142252,0,0,NORMAL
-0.050365808734036746,-0.05379803994464252,0.44491866759113086,0,0,0.9072080551753458,0,0,NORMAL
-0.058099118142820656,0.24267134570777268,0.5919937047474937,0,0,2.308733982658202,0,0,NORMAL
-0.006874535505848448,0.10043046541922457,-0.11190476978003969,0,0,2.3031550221741908,0,0,NORMAL
-0.01358748945199193,-0.06661235833498873,0.42979945361369776,0,0,3.1150548504058744,0,0,NORMAL
0.11002564789322225,-0.06972438760972559,0.3140650570706048,0,0,2.007179158388139,0,0,NORMAL
-0.0700957778832247,0.06369842172159755,-0.5933794098480074,0,0,0.16358845204440997,0,0,NORMAL
-0.032111840303864124,-0.05405392261116121,0.07743116164907284,0,0,0.3473307592820624,0,0,NORMAL
-0.0683487568476877,0.044096366965954516,-0.50943376016984,0,0,1.1039631091013538,0,0,NORMAL
-0.07637924445498963,-0.023652864550692713,-0.31784843326486495,0,0,2.761430747509164,0,0,NORMAL
-0.01547035970926592,0.0014218423877779825,0.33887268493194767,0,0,2.2658428513267563,0,0,NORMAL
-0.07502192230096552,-0.06084695689881404,0.4093132550662742,0,0,1.1920188988258655,0,0,NORMAL
0.1369492793627691,-0.060547417725757995,-0.11112456956906018,0,0,1.8592781090756851,0,0,NORMAL
0.08699848644294988,0.20836963550065019,-0.5427302548515299,0,0,2.0937703661829743,0,0,NORMAL
-0.08145007210960734,0.020568189160330062,0.5113171992582002,0,0,1.3929083692821629,0,0,NORMAL
0.0992168026652462,0.04583080890446247,0.621971564475408,0,0,1.3710850153916263,0,0,NORMAL
0.12162176196457786,0.073074086295642,-0.5780179813138957,0,0,2.7483001713274096,0,0,NORMAL
0.027420933592393247,0.0016852462065486302,-0.13429444367236149,0,0,3.1152960924072146,0,0,NORMAL
-0.01492061109229348,-0.08099042850998875,-0.14532682620661727,0,0,0.22268253890060052,0,0,NORMAL
0.1074342750305413,-0.07795269250815491,0.12051564754730797,0,0,2.1238817148150453,0,0,NORMAL
-0.0017053425491978494,0.2607194464042745,-0.7275483496061923,0,0,0.2811325645086357,0,0,NORMAL
0.12765962974266262,-0.0010900247391660027,0.5996731661035628,0,0,2.83766240954622,0,0,NORMAL
-0.01864972345732946,0.22130015534059794,0.5501863932341501,0,0,2.8050191298999225,0,0,NORMAL
0.12815967652161453,0.07146891316767022,-0.3147453260902799,0,0,2.382958177767199,0,0,NORMAL
-0.03898582858279701,-0.06816571673921493,-0.03903074662827709,0,0,2.253036548870947,0,0,NORMAL
0.11870740570388638,-0.0028959870343404992,-0.5719358779387759,0,0,3.0548868518599597,0,0,NORMAL
0.07197300020404125,-0.09323080018979676,0.46355287030379044,0,0,2.808736496077379,0,0,NORMAL
0.06561654625752776,-0.06424908447160113,-0.5543478712548432,0,0,0.6631674475430086,0,0,NORMAL
0.1421840272410628,0.020217508964053294,-0.8691901147675427,0,0,1.4570316292583776,0,0,NORMAL
0.05838936873820541,0.030267634433155728,0.4572881764706899,0,0,3.7286804439999797,0,0,NORMAL
0.07146705544685616,-0.033046663127243595,-0.6860540045596834,0,0,3.0779113589586364,0,0,NORMAL
0.10123652327293957,0.05084936456234006,-0.0006125190790665385,0,0,3.045368000431555,0,0,NORMAL
-0.014767204277670467,-0.01397969789342288,0.9378566306003234,0,0,0.7684592253761574,0,0,NORMAL
-0.032757251005367576,0.025786010239620447,0.7004429548571489,0,0,2.0425833796008463,0,0,NORMAL
-0.04179487066953881,-0.0034789474051996998,-0.039904750093251694,0,0,1.5178618491269167,0,0,NORMAL
0.06386412737107316,0.13940259553841752,-0.45914130264421793,0,0,0.803635989084833,0,0,NORMAL
0.03944374855374289,0.28156804375435246,-0.41585479340116194,0,0,2.118760301643525,0,0,NORMAL
0.0805915722925438,0.27867177860898107,-0.2248851463427414,0,0,3.8553153967862075,0,0,NORMAL
-0.019896852130585053,0.15674176430614847,-0.23247939948271662,0,0,1.7625679219706054,0,0,NORMAL
-0.08997091567212341,0.10063214943813692,-0.17373387808800478,0,0,2.5660365922842687,0,0,NORMAL
0.1513754832495201,-0.07275912943705384,-0.6208665253014285,0,0,1.3125201205500225,0,0,NORMAL
0.001861835476433987,-0.0860526901060339,-0.523853773906695,0,0,0.1118729513267051,0,0,NORMAL
0.13374575169345182,0.05376628738136635,0.390366994480168,0,0,2.132214861617494,0,0,NORMAL
0.14849869646935648,0.24059797149659334,-0.7605627629835039,0,0,1.2475546677079818,0,0,NORMAL
0.0071942991453465945,-0.017671806629897698,0.603673033150531,0,0,0.7569855733880252,0,0,NORMAL
0.13040694466697622,0.02612298991452867,-1.1283903507965114,0,0,1.8871112262701757,0,0,NORMAL
-0.046376434510077016,0.02222138565748069,-0.0034623523540285995,0,0,0.5642934962985166,0,0,NORMAL
0.04477879701911087,-0.03719874041576246,-0.6306261311412921,0,0,0.7350568414461285,0,0,NORMAL
0.004489561970666778,0.015322987458641133,0.7502377815110768,0,0,2.4961543545304656,0,0,NORMAL
-0.037713384164745095,0.038444890593145306,0.5423890902883767,0,0,2.914996349798547,0,0,NORMAL
0.1011327473949998,0.06526291525709876,-0.270636821034654,0,0,0.6355324765377819,0,0,NORMAL
0.05601400047735507,0.010104087135569656,-0.4755325433255846,0,0,1.3226117727397766,0,0,NORMAL
-0.06507445434603555,0.02372523226231723,0.8422918521995282,0,0,3.264199620877055,0,0,NORMAL
0.055975574564464156,-0.08608844086151825,-0.3221087843939807,0,0,1.9991995279102521,0,0,NORMAL
0.12454334208732058,0.2135822672615135,-0.04780326156216954,0,0,2.472587710840802,0,0,NORMAL
0.08582632881681741,-0.05885718258216475,0.3329941520230962,0,0,1.883116790323642,0,0,NORMAL
-0.090975070680322,0.05779976384473167,-0.19753129482274492,0,0,2.29709289513379,0,0,NORMAL
0.008467241533878914,0.253110749958968,-0.857603468661491,0,0,1.6590752090563519,0,0,NORMAL
0.04588583540343928,-0.058104568280655404,-0.611718561517957,0,0,1.0747120980597173,0,0,NORMAL
-0.04189339288802678,-0.09656950066356403,-0.3156613109204679,0,0,2.1170183196151715,0,0,NORMAL
-0.08584441407385741,0.029487278245397878,-0.24509827616969082,0,0,0.36111454866000586,0,0,NORMAL
0.1259557430318618,0.04422164157306259,0.46897098365098083,0,0,0.18317211033279443,0,0,NORMAL
0.09628407653312294,0.0014697328834301533,-0.7763659785304676,0,0,2.7638636910763594,0,0,NORMAL
0.13290224372232678,-0.052300120452175726,-0.13483275059605687,0,0,2.7365707983096876,0,0,NORMAL
-0.022305864074589968,0.05084057953034492,0.07813012207160158,0,0,2.7409390336208546,0,0,NORMAL
0.06189105461715773,0.061680005397315024,-0.49499574517556555,0,0,1.659421838851813,0,0,NORMAL
0.0683842619348182,-0.012263040329196586,-0.0794194583280077,0,0,0.7620575555812904,0,0,NORMAL
0.06631928134523869,0.09758813584989677,0.8870850088467792,0,0,2.530949205819342,0,0,NORMAL
-0.012205618624706167,0.0042520860839785814,-0.9029779749065343,0,0,2.272095203583604,0,0,NORMAL
0.005815390996072995,0.12549869714368056,0.14306074363926716,0,0,1.6285145419286726,0,0,NORMAL
0.07152000880321846,-0.06354343649630992,-0.36853850066795785,0,0,1.3152515441537795,0,0,NORMAL
-0.080099893713855,-0.05602862877211741,0.9103736339301466,0,0,3.9255743050302114,0,0,NORMAL
-0.07721451653000952,0.03881061483323448,-0.953920995177768,0,0,2.0817980840837897,0,0,NORMAL
-0.07710290219586105,0.3026573100138663,-0.8772373547691493,0,0,1.845329365609017,0,0,NORMAL
0.03576883820718013,0.1907348392543103,-0.6528510487685397,0,0,3.5165406806955266,0,0,NORMAL
0.12330024864101498,-0.09390716215955004,0.1324551510525647,0,0,0.3017034969661491,0,0,NORMAL
0.06668889915189631,0.050561811450477084,-0.5095147730946307,0,0,0.5836619213541215,0,0,NORMAL
-0.07982623334009735,-0.10304595646418406,0.5546347096031805,0,0,3.268765654003349,0,0,NORMAL
0.009126526277307746,0.23584577541486954,0.7867717519781346,0,0,0.18273363752310928,0,0,NORMAL
-0.07461991198577785,-0.017946862890103235,-0.9069933232822875,0,0,1.8561929135079127,0,0,NORMAL
0.12928506723171712,0.16746214569849086,-0.31538985433548705,0,0,0.9820902449174225,0,0,NORMAL
-0.04322348489388769,0.03708127897099202,-0.26151138836519544,0,0,3.8389885284755993,0,0,NORMAL
0.025145602256587598,0.09502070738955033,-0.2238065739932206,0,0,0.10349108560071214,0,0,NORMAL
0.13239348664931638,-0.04962039250820578,0.9354015084621887,0,0,3.743089526217533,0,0,NORMAL
0.12270570255462566,-0.06942580051291855,-0.7058003170400954,0,0,1.1663449351326696,0,0,NORMAL
0.1335495999353559,-0.05309164565802026,0.029133074555792105,0,0,0.5846769674873064,0,0,NORMAL
-0.019890288246877216,0.025100864637304453,-0.314970529939301,0,0,1.6171247742621608,0,0,NORMAL
0.06927361374858793,0.06089091489585864,-0.5483786591422546,0,0,1.6495675776684096,0,0,NORMAL
0.0356462608829195,0.02723106419414692,0.5390735637781987,0,0,3.2834686118335967,0,0,NORMAL
-0.023511106938940835,-0.010520950057107405,0.10422360809542461,0,0,0.0016072569378380351,0,0,NORMAL
-0.08543287227118089,0.06978028231424403,0.3697662889068113,0,0,1.9003581266926368,0,0,NORMAL
0.010793868213733003,0.0673889940799176,0.1607583425088986,0,0,3.0114305572996676,0,0,NORMAL
-0.01274282573313095,-0.06120641907277438,0.2865217066296951,0,0,1.7429574151500988,0,0,NORMAL
-0.06534933761063479,-0.0267044727098012,0.5408116416250984,0,0,1.436346725907267,0,0,NORMAL
0.02223181646818627,0.09308410948103038,-0.5531649018124088,0,0,2.8569201225374927,0,0,NORMAL
0.06306614909798593,0.03543461626294999,-0.5215860174625835,0,0,1.0123948036010075,0,0,NORMAL
0.02739332509982428,0.014319951142282478,-0.6453504204515446,0,0,1.2490006651178955,0,0,NORMAL
0.0330180308672908,-0.05783871009094722,-0.8459101657171746,0,0,0.2809923970239798,0,0,NORMAL
0.134143967147555,-0.09581484323389468,0.2792664168892487,0,0,2.444391292502591,0,0,NORMAL
-0.06368075220083473,-0.03849185649891988,-0.043686328786234664,0,0,3.4893495719336842,0,0,NORMAL
0.11868750443404803,0.24663417438047414,-0.2515571261496674,0,0,2.254478650492149,0,0,NORMAL
-0.037959854760906374,0.07969687740780888,-0.47524541164403655,0,0,1.7539095745516766,0,0,NORMAL
-0.10483495152812017,-0.0706799527600011,0.2986463867381343,0,0,0.03783799339491975,0,0,NORMAL
0.0385133520687502,-0.10168432332223308,-0.11338362649501424,0,0,0.1274889361743618,0,0,NORMAL
0.03154136910148821,0.030129805449113537,-0.6037783084597208,0,0,1.823826789798295,0,0,NORMAL
0.02430597718377932,-0.03910734491801317,0.3544012315068523,0,0,2.345323261654075,0,0,NORMAL
-0.09015022161663394,-0.06899737287098874,-0.9778556696501164,0,0,1.1004530247306825,0,0,NORMAL
-0.024792519235122105,0.014496153347928474,1.0813367654104744,0,0,3.022325900838457,0,0,NORMAL
-0.07789029070486268,0.026454811804696644,-0.5214111101330908,0,0,0.9997938887550366,0,0,NORMAL
0.0783702650528244,0.06668160655284405,-0.545249521277575,0,0,1.2175055294507804,0,0,NORMAL
0.15877174986454928,0.038061701724149716,0.1451883316782064,0,0,1.6109125798614357,0,0,NORMAL
0.08832677565059102,0.03799054505015619,0.7885727104043916,0,0,2.6232786727934068,0,0,NORMAL
0.13463538029627237,0.12139827601021713,-0.0018205151959900148,0,0,1.142220863396398,0,0,NORMAL
0.0365096925909244,0.11780404567659963,-0.07280427099731832,0,0,2.02523593857096,0,0,NORMAL
-0.026643228377785145,0.06047960470971455,0.3136583494234543,0,0,0.4184897921005001,0,0,NORMAL
0.09140284206316998,0.032505105912239755,-0.9090621706993073,0,0,3.1335294464016794,0,0,NORMAL
-0.021833638534725846,0.016559190691794616,-1.0070664729952212,0,0,2.292488055833374,0,0,NORMAL
-0.04528577585842111,-0.00505191126077111,0.46387462745677255,0,0,1.2421240973715577,0,0,NORMAL
-0.09226417739729682,0.0012716239089338782,-0.19574905751043858,0,0,1.9009098737004624,0,0,NORMAL
-0.019153376573907997,0.17324531379153718,-0.5482413346686272,0,0,0.6887178129102606,0,0,NORMAL
-0.0008542862666249492,0.24901066881571282,0.5196454133486459,0,0,2.060726434765421,0,0,NORMAL
0.09973397074987299,-0.007650560458868872,-0.37439100074787973,0,0,1.880558997791605,0,0,NORMAL
-0.003089443867553184,0.2842289628471592,-0.3700720664190736,0,0,1.7187766816195704,0,0,NORMAL
0.07901789227884252,0.03219002589932949,0.7904267245810396,0,0,0.08094076594161978,0,0,NORMAL
-0.043853699330514175,0.08405787826297452,-0.7265517781890546,0,0,1.9968911350338816,0,0,NORMAL
0.04693734504152911,-0.09932064763851356,0.16053797490614954,0,0,3.320639535046412,0,0,NORMAL
-0.04551582186960617,0.06576991558207497,0.7869777838076033,0,0,1.2889326931647045,0,0,NORMAL
-0.08724417480246456,0.03540833966656657,0.1966410206988414,0,0,2.1778080452617945,0,0,NORMAL
-0.05978359589934121,-0.09023450092485863,-0.35488891899802,0,0,1.8511686898588344,0,0,NORMAL
0.043438863244676815,-0.046377875816580955,-0.7129897519212953,0,0,3.5197437832412186,0,0,NORMAL
-0.028908435340774224,0.08250763514442785,-0.49215241496463263,0,0,0.4223603036297981,0,0,NORMAL
0.11858106457286974,0.08957024155051407,-0.11863094891037915,0,0,0.3233792712094486,0,0,NORMAL
0.10150900468688412,0.26451077092998326,0.8921573310448817,0,0,1.7674895628271834,0,0,NORMAL
0.031187937445473053,0.2418958147032264,-0.3252505053264525,0,0,2.053712076916194,0,0,NORMAL
0.017612135916883657,0.1260228774871813,-0.628889602780719,0,0,2.868828179980149,0,0,NORMAL
-0.019696635666844712,0.06598514619920007,-0.062310398136133496,0,0,2.3426756285785593,0,0,NORMAL
0.06863995856072305,0.10802879185869922,-0.7556289504395688,0,0,1.7482454314079645,0,0,NORMAL
-0.10615264643563213,-0.033453873508270796,0.14450039206598927,0,0,1.965264871965127,0,0,NORMAL
0.08697734041096682,-0.04134988194192933,-0.4012862560991387,0,0,3.523844746324784,0,0,NORMAL
-0.07187548686637693,0.13046098189466718,0.795455708556565,0,0,3.078040720485412,0,0,NORMAL
-0.06699414774579408,0.2558426664847371,-0.668410038032185,0,0,0.05377504768101745,0,0,NORMAL
0.023202096809795816,0.08334426903033922,-0.5371453302467707,0,0,3.3145248107814735,0,0,NORMAL
0.004221773717987253,0.04525515786315542,0.2896608386351835,0,0,2.7690878474839438,0,0,NORMAL
0.007236474246818069,0.0028866213381034235,0.03114134205204942,0,0,2.7287846643879288,0,0,NORMAL
-0.09810559550150462,0.24268132454276903,-1.0487217945955611,0,0,1.3169435365421178,0,0,NORMAL
-0.07798625628036235,-0.020677179208627914,-0.2297848281561168,0,0,2.177948280381878,0,0,NORMAL
0.025293932858323712,0.06578017415655855,-0.34885423858879544,0,0,0.7560668981954053,0,0,NORMAL
-0.1076248705301089,-0.09402676499186813,-0.46546820464013017,0,0,0.5329267427839798,0,0,NORMAL
-0.04840992360081563,0.028286177477823065,0.8906685122173451,0,0,2.7895475853679343,0,0,NORMAL
0.03389857408222794,0.21111778726788794,-0.3154761265470568,0,0,0.3969416043264801,0,0,NORMAL
0.12411795906220084,0.009042348270902702,-0.3975359327102481,0,0,3.6969874336531205,0,0,NORMAL
0.06380158047675229,-0.017643319274712344,-0.010745703110014396,0,0,0.3164196862319103,0,0,NORMAL
-0.04303485417398703,-0.032264488020773974,0.7817622010139861,0,0,0.35195977330818173,0,0,NORMAL
0.005363352315798111,0.08087038688466679,0.5315068509351926,0,0,2.795501020686349,0,0,NORMAL
-0.07230634544936992,0.24111641442963225,0.6213974048845012,0,0,3.3311141399870046,0,0,NORMAL
-0.038831558337561384,0.08545644268958663,-0.7779508242288061,0,0,1.7946939285619434,0,0,NORMAL
0.09406157672859529,0.09829496072326172,-0.22044296891021012,0,0,1.9934921641951333,0,0,NORMAL
0.002633435800610981,-0.05173496051336717,0.49974939064988194,0,0,2.2530433069825846,0,0,NORMAL
0.12357548362478202,0.06856259789624909,-0.8960361903618577,0,0,1.395701847127835,0,0,NORMAL
-0.05088542113856879,0.07544919961398144,0.9215209990688553,0,0,1.9266577921658723,0,0,NORMAL
0.0481313405023911,0.27257395532663414,-0.5625110566043428,0,0,3.1937111429929232,0,0,NORMAL
0.12522313406959812,0.2953656719183111,0.033406114482543936,0,0,0.7320279103455919,0,0,NORMAL
0.11688161881532247,-0.05929626482388611,-0.8249791623932983,0,0,2.978346181513965,0,0,NORMAL
0.1284437947179239,0.018999164949782273,0.5969770073271834,0,0,1.6678060479886148,0,0,NORMAL
0.05117266986904555,0.007672661253062095,0.026176506455428152,0,0,1.0100925624424155,0,0,NORMAL
0.055785219575521856,-0.03690550447735201,0.09962207773224305,0,0,2.5914963898214407,0,0,NORMAL
-0.056650834711559905,0.004699335534285515,0.03796550843381957,0,0,0.8175472561773661,0,0,NORMAL
0.024366213262723695,-0.06137127878568998,-0.8055936860819963,0,0,2.725050085517173,0,0,NORMAL
0.1529908883038021,0.15961763237314097,-0.25330952230194387,0,0,2.4178619034571924,0,0,NORMAL
0.022945640607659402,0.07545559386130235,0.7145325443624786,0,0,0.27204233780760034,0,0,NORMAL
-0.06537225003734434,0.19966907612911466,1.0720231222767984,0,0,2.8743149640663757,0,0,NORMAL
