State,District,Year,composite_yield_kg_ha,rolling_mean_yield,yield_ratio,flooded_area_pct,damage_label,damage_label_name
Andhra Pradesh,Ananthapur,2016,1169.3139999999999,1671.7968,0.6994354816326959,0,1,Drought
Andhra Pradesh,Ananthapur,2017,1869.946,1523.446,1.227444884820335,0,0,Healthy
Andhra Pradesh,Chittoor,2016,2182.95,2299.8792000000003,0.9491585471097784,0,0,Healthy
Andhra Pradesh,Chittoor,2017,2634.1699999999996,2255.9144,1.1676728514167025,0,0,Healthy
Andhra Pradesh,East Godavari,2016,3050.302,2830.0828,1.0778136950622081,0,0,Healthy
Andhra Pradesh,East Godavari,2017,3182.336,2920.7536,1.0895598998833724,0,0,Healthy
Andhra Pradesh,Guntur,2016,3198.498,3114.1104000000005,1.0270984612491578,0,0,Healthy
Andhra Pradesh,Guntur,2017,3446.654,3090.6396,1.1151911727268362,0,0,Healthy
Andhra Pradesh,Kadapa Ysr,2016,2514.984,2511.3352,1.0014529322887682,0,0,Healthy
Andhra Pradesh,Kadapa Ysr,2017,3583.3720000000003,2482.028,1.4437274680221177,0,0,Healthy
Andhra Pradesh,Krishna,2016,2406.632,2036.7084,1.181628160418055,0,0,Healthy
Andhra Pradesh,Krishna,2017,2314.5299999999997,2102.1264,1.1010422589241065,0,0,Healthy
Andhra Pradesh,Kurnool,2016,3191.7059999999997,2766.6856,1.1536207800409268,0,0,Healthy
Andhra Pradesh,Kurnool,2017,2812.9639999999995,2839.4492,0.9906724163263775,0,0,Healthy
Andhra Pradesh,S.P.S. Nellore,2016,2930.442,2958.5264,0.9905073012023823,0,0,Healthy
Andhra Pradesh,S.P.S. Nellore,2017,2826.082,2907.8076,0.9718944265776043,0,0,Healthy
Andhra Pradesh,Srikakulam,2016,2434.6459999999997,2177.4568,1.1181144902622178,0,0,Healthy
Andhra Pradesh,Srikakulam,2017,2528.832,2244.2208,1.1268196070547067,0,0,Healthy
Andhra Pradesh,Visakhapatnam,2016,1968.0099999999998,1803.5768000000003,1.091170611642376,0,0,Healthy
Andhra Pradesh,Visakhapatnam,2017,2257.1699999999996,1819.0,1.2408851017042328,0,0,Healthy
Andhra Pradesh,West Godavari,2016,2844.9120000000003,2412.9252000000006,1.1790303321462263,0,0,Healthy
Andhra Pradesh,West Godavari,2017,2639.8360000000002,2489.5172000000002,1.0603807035356092,0,0,Healthy
Assam,Cachar,2016,921.184,936.9676,0.9831545936060115,0,0,Healthy
Assam,Cachar,2017,984.9960000000001,960.1244,1.0259045598674505,0,0,Healthy
Assam,Darrang,2016,1715.3,1246.8272000000002,1.3757319378338873,0,0,Healthy
Assam,Darrang,2017,1821.6760000000002,1447.824,1.2582164683000143,0,0,Healthy
Assam,Dibrugarh,2016,754.6379999999999,942.1652,0.8009614449780144,0,3,Partial
Assam,Dibrugarh,2017,793.122,955.5523999999999,0.8300141363257525,0,3,Partial
Assam,Goalpara,2016,1262.702,1094.0408000000002,1.1541635375938446,0,0,Healthy
Assam,Goalpara,2017,1377.792,1191.5964,1.1562572696594249,0,0,Healthy
Assam,Kamrup,2016,1406.2939999999999,1142.9771999999998,1.2303779987912271,0,0,Healthy
Assam,Kamrup,2017,1536.1119999999999,1274.3024,1.2054532738853823,0,0,Healthy
Assam,Karbi Anglong,2016,1123.212,993.5619999999999,1.130490095233111,0,0,Healthy
Assam,Karbi Anglong,2017,1103.8319999999999,1066.1668,1.0353276804342435,0,0,Healthy
Assam,Lakhimpur,2016,1034.21,1036.2696,0.9980124863259522,0,0,Healthy
Assam,Lakhimpur,2017,1409.09,1122.7415999999998,1.255043903245413,0,0,Healthy
Assam,Nagaon,2016,1194.962,1098.8064,1.0875091371874064,0,0,Healthy
Assam,Nagaon,2017,1267.15,1187.9208,1.0666956921707238,0,0,Healthy
Assam,North Cachar Hil / Dima Hasao,2016,729.7120000000001,929.4272000000001,0.7851201255999395,0,1,Drought
Assam,North Cachar Hil / Dima Hasao,2017,600.888,908.5412,0.6613767212758211,0,1,Drought
Assam,Sibsagar,2016,971.4,977.9123999999999,0.9933405078000852,0,0,Healthy
Assam,Sibsagar,2017,1076.5,1014.5031999999999,1.0611105021650007,0,0,Healthy
Bihar,Bhagalpur,2016,2138.308,2479.8048000000003,0.8622888382182339,0,3,Partial
Bihar,Bhagalpur,2017,2654.062,2390.6236,1.1101965194353474,0,0,Healthy
Bihar,Champaran,2016,1650.9299999999998,1743.0488,0.9471507625030348,0,0,Healthy
Bihar,Champaran,2017,1496.038,1633.01,0.9161229876118334,0,0,Healthy
Bihar,Darbhanga,2016,1953.682,1428.6616,1.3674910839627803,0,0,Healthy
Bihar,Darbhanga,2017,2155.554,1513.7656,1.4239681493620941,0,0,Healthy
Bihar,Gaya,2016,1841.6380000000001,1993.9515999999999,0.9236121879788859,0,0,Healthy
Bihar,Gaya,2017,1942.054,2025.8676000000003,0.9586282933790934,0,0,Healthy
Bihar,Mungair,2016,2597.156,1751.3919999999998,1.4829095941970731,0,0,Healthy
Bihar,Mungair,2017,2081.938,1884.5252,1.104754661810837,0,0,Healthy
Bihar,Muzaffarpur,2016,1539.69,1582.7232000000001,0.972810659501295,0,0,Healthy
Bihar,Muzaffarpur,2017,1422.716,1528.1096,0.9310300779472885,0,0,Healthy
Bihar,Patna,2016,2174.2760000000003,1902.4296000000002,1.1428943283893396,0,0,Healthy
Bihar,Patna,2017,2612.9799999999996,1982.2868000000003,1.3181644553149419,0,0,Healthy
Bihar,Purnea,2016,2664.256,1876.4568,1.4198333795907265,0,0,Healthy
Bihar,Purnea,2017,2236.248,2091.3399999999997,1.0692895464152172,0,0,Healthy
Bihar,Saharsa,2016,2140.29,1845.1259999999997,1.1599695630542306,0,0,Healthy
Bihar,Saharsa,2017,1923.8579999999997,1843.9156000000003,1.043354695843996,0,0,Healthy
Bihar,Saran,2016,2083.236,1722.944,1.2091141673786263,0,0,Healthy
Bihar,Saran,2017,1740.3080000000002,1782.0660000000003,0.9765676467650468,0,0,Healthy
Bihar,Shahabad (Now Part Of Bhojpur District),2016,2067.7520000000004,2133.4936000000002,0.9691859399062647,0,0,Healthy
Bihar,Shahabad (Now Part Of Bhojpur District),2017,2328.562,2110.3648000000003,1.1033931195213262,0,0,Healthy
Chhattisgarh,Bastar,2016,1443.664,1235.6984,1.1682980248254753,0,0,Healthy
Chhattisgarh,Bastar,2017,1172.7440000000001,1281.6280000000002,0.9150424304088238,0,0,Healthy
Chhattisgarh,Bilaspur,2016,1336.352,1223.6219999999998,1.0921281245351917,0,0,Healthy
Chhattisgarh,Bilaspur,2017,1134.592,1232.176,0.9208035215748401,0,0,Healthy
Chhattisgarh,Durg,2016,1275.598,967.5448,1.3183864974521076,0,0,Healthy
Chhattisgarh,Durg,2017,922.4100000000001,1025.3816,0.8995772890794999,0,3,Partial
Chhattisgarh,Raigarh,2016,1290.708,1181.2344,1.0926772874206847,0,0,Healthy
Chhattisgarh,Raigarh,2017,1238.206,1197.944,1.0336092505158838,0,0,Healthy
Chhattisgarh,Raipur,2016,1590.6439999999998,1244.9732,1.2776532057075605,0,0,Healthy
Chhattisgarh,Raipur,2017,1087.968,1294.604,0.8403867128480987,0,3,Partial
Chhattisgarh,Surguja,2016,1145.236,1018.7895999999998,1.1241143411750574,0,0,Healthy
Chhattisgarh,Surguja,2017,1107.588,1058.7240000000002,1.0461536717784803,0,0,Healthy
Gujarat,Ahmedabad,2016,1938.9,1927.1943999999999,1.0060739072301166,0,0,Healthy
Gujarat,Ahmedabad,2017,2204.6459999999997,1938.8039999999996,1.1371164903724151,0,0,Healthy
Gujarat,Amreli,2016,1523.7720000000002,1142.4396,1.333787799372501,0,0,Healthy
Gujarat,Amreli,2017,1187.446,1240.1255999999998,0.9575207543493982,0,0,Healthy
Gujarat,Banaskantha,2016,1514.128,1628.7748000000001,0.9296116320070766,0,0,Healthy
Gujarat,Banaskantha,2017,1692.3080000000002,1626.6732,1.0403491002372205,0,0,Healthy
Gujarat,Bharuch,2016,1312.062,1627.1196000000002,0.8063709637570586,0,3,Partial
Gujarat,Bharuch,2017,1674.05,1534.7396,1.0907713595192303,0,0,Healthy
Gujarat,Bhavnagar,2016,1725.968,1538.334,1.121972211496333,0,0,Healthy
Gujarat,Bhavnagar,2017,1549.9160000000002,1621.3008,0.9559706625692161,0,0,Healthy
Gujarat,Dangs,2016,1801.52,1351.9523999999997,1.3325321216930421,0,0,Healthy
Gujarat,Dangs,2017,918.076,1408.31,0.6518990847185634,0,1,Drought
Gujarat,Jamnagar,2016,1623.2500000000002,1269.1904,1.2789649212600414,0,0,Healthy
Gujarat,Jamnagar,2017,1856.6240000000003,1372.2184000000002,1.3530091128350996,0,0,Healthy
Gujarat,Junagadh,2016,1474.4599999999998,1596.854,0.9233530429206426,0,0,Healthy
Gujarat,Junagadh,2017,1661.5579999999998,1547.5988,1.0736361387718831,0,0,Healthy
Gujarat,Kheda,2016,2176.7439999999997,1898.7239999999997,1.1464246515027987,0,0,Healthy
Gujarat,Kheda,2017,2136.926,1979.8363999999997,1.0793447377773235,0,0,Healthy
Gujarat,Kutch,2016,1534.486,1240.716,1.2367745721019154,0,0,Healthy
Gujarat,Kutch,2017,1519.6,1388.1016,1.0947325469547762,0,0,Healthy
Gujarat,Mehsana,2016,2109.526,1948.2760000000003,1.0827654808661604,0,0,Healthy
Gujarat,Mehsana,2017,2054.17,2004.5004000000001,1.0247790421992433,0,0,Healthy
Gujarat,Panchmahal,2016,1612.58,1598.7792000000002,1.008632086281833,0,0,Healthy
Gujarat,Panchmahal,2017,1555.2440000000001,1596.9208000000003,0.9739017739639936,0,0,Healthy
Gujarat,Rajkot,2016,1733.4,1495.9919999999997,1.1586960358076783,0,0,Healthy
Gujarat,Rajkot,2017,1528.056,1582.5931999999998,0.9655393439072025,0,0,Healthy
Gujarat,Sabarkantha,2016,1930.464,1728.1816,1.1170492730625068,0,0,Healthy
Gujarat,Sabarkantha,2017,2574.394,1764.2684000000002,1.4591850083581384,0,0,Healthy
Gujarat,Surat,2016,2357.548,1956.0603999999998,1.2052531711188468,0,0,Healthy
Gujarat,Surat,2017,2439.424,2120.3239999999996,1.1504958676126857,0,0,Healthy
Gujarat,Surendranagar,2016,1977.9620000000002,1696.6860000000001,1.16577964337538,0,0,Healthy
Gujarat,Surendranagar,2017,2000.502,1749.7728,1.1432924320231748,0,0,Healthy
Gujarat,Vadodara / Baroda,2016,2077.216,1927.4008,1.0777291365656796,0,0,Healthy
Gujarat,Vadodara / Baroda,2017,2021.23,1975.9036,1.0229395806556554,0,0,Healthy
Gujarat,Valsad,2016,1819.9279999999999,1684.6392,1.080307284788339,0,0,Healthy
Gujarat,Valsad,2017,1824.5,1774.122,1.0283960178612293,0,0,Healthy
Haryana,Ambala,2016,4201.88,2528.5344,1.6617847872664893,0,0,Healthy
Haryana,Ambala,2017,2663.738,2844.9912000000004,0.936290418051205,0,0,Healthy
Haryana,Gurgaon,2016,1777.9060000000002,1865.9724,0.9528040178943697,0,0,Healthy
Haryana,Gurgaon,2017,1873.056,1817.5428,1.0305429946408966,0,0,Healthy
Haryana,Hissar,2016,2058.816,2011.2104,1.0236701242197235,0,0,Healthy
Haryana,Hissar,2017,1963.53,2009.9352,0.976912091494293,0,0,Healthy
Haryana,Jind,2016,1881.3519999999996,1848.8228,1.0175945471897034,0,0,Healthy
Haryana,Jind,2017,1945.352,1825.5516,1.0656242200987363,0,0,Healthy
Haryana,Karnal,2016,2123.5260000000003,2367.5088000000005,0.89694534609544,0,3,Partial
Haryana,Karnal,2017,2144.1,2232.6384000000003,0.9603436006475565,0,0,Healthy
Haryana,Mahendragarh / Narnaul,2016,1789.19,1867.8852,0.9578693594231594,0,0,Healthy
Haryana,Mahendragarh / Narnaul,2017,1684.298,1803.4072,0.9339532413977275,0,0,Healthy
Haryana,Rohtak,2016,6328.608,2453.2544000000003,2.579678650530495,0,0,Healthy
Haryana,Rohtak,2017,2798.906,3147.4900000000002,0.8892501644167257,0,3,Partial
Himachal Pradesh,Bilashpur,2016,941.882,1161.1852000000001,0.811138481613441,0,3,Partial
Himachal Pradesh,Bilashpur,2017,1299.768,1102.336,1.1791032861124013,0,0,Healthy
Himachal Pradesh,Chamba,2016,1044.636,1282.308,0.8146529538925126,0,3,Partial
Himachal Pradesh,Chamba,2017,1517.752,1244.1344000000001,1.2199260787258996,0,0,Healthy
Himachal Pradesh,Kangra,2016,972.5120000000001,1162.5416,0.8365395268435986,0,3,Partial
Himachal Pradesh,Kangra,2017,1319.826,1127.1876,1.170901809068872,0,0,Healthy
Himachal Pradesh,Kinnaur,2016,975.402,1158.5264000000002,0.8419333387655213,0,3,Partial
Himachal Pradesh,Kinnaur,2017,1169.912,1147.2912000000001,1.0197167031351762,0,0,Healthy
Himachal Pradesh,Kullu,2016,1090.34,1262.0916000000002,0.8639151072711361,0,3,Partial
Himachal Pradesh,Kullu,2017,1362.866,1221.0675999999999,1.1161265764483475,0,0,Healthy
Himachal Pradesh,Lahul & Spiti,2016,550.77,792.0,0.6954166666666667,0,1,Drought
Himachal Pradesh,Lahul & Spiti,2017,835.3979999999999,746.154,1.119605336163848,0,0,Healthy
Himachal Pradesh,Mandi,2016,541.472,713.4384,0.7589611100271586,0,1,Drought
Himachal Pradesh,Mandi,2017,960.6019999999999,680.1063999999999,1.4124289964040921,0,0,Healthy
Himachal Pradesh,Shimla,2016,990.3779999999999,1063.9472,0.9308525836620463,0,0,Healthy
Himachal Pradesh,Shimla,2017,1409.15,1049.8395999999998,1.3422526641212622,0,0,Healthy
Himachal Pradesh,Sirmaur,2016,1133.134,1202.5372,0.9422860265778057,0,0,Healthy
Himachal Pradesh,Sirmaur,2017,1236.33,1200.4652,1.029875751500335,0,0,Healthy
Himachal Pradesh,Solan,2016,1294.376,1377.7628,0.9394766646334187,0,0,Healthy
Himachal Pradesh,Solan,2017,1453.1060000000002,1440.6312,1.0086592599132937,0,0,Healthy
Jharkhand,Dhanbad,2016,846.03,997.7572,0.8479317413094087,0,3,Partial
Jharkhand,Dhanbad,2017,1108.006,932.6292000000001,1.1880455812449364,0,0,Healthy
Jharkhand,Hazaribagh,2016,1350.294,1126.732,1.198416304853328,0,0,Healthy
Jharkhand,Hazaribagh,2017,1094.464,1196.8372,0.9144635544416567,0,0,Healthy
Jharkhand,Palamau,2016,1211.882,835.01,1.451338307325661,0,0,Healthy
Jharkhand,Palamau,2017,792.442,898.2031999999999,0.882252479171751,0,3,Partial
Jharkhand,Ranchi,2016,1460.316,1102.7164,1.3242897267148652,0,0,Healthy
Jharkhand,Ranchi,2017,1202.968,1163.7916,1.0336627279317019,0,0,Healthy
Jharkhand,Santhal Paragana / Dumka,2016,1286.766,988.192,1.3021416890644735,0,0,Healthy
Jharkhand,Santhal Paragana / Dumka,2017,1160.176,1023.4268,1.1336189359121727,0,0,Healthy
Jharkhand,Singhbhum,2016,1092.358,844.3936,1.293659734038723,0,0,Healthy
Jharkhand,Singhbhum,2017,891.358,906.5683999999999,0.9832220050908459,0,0,Healthy
Karnataka,Bangalore,2016,1244.1299999999999,1548.2132,0.8035908749518477,0,3,Partial
Karnataka,Bangalore,2017,1772.096,1453.982,1.218788128051104,0,0,Healthy
Karnataka,Belgaum,2016,1690.396,1499.3999999999999,1.1273816193143924,0,0,Healthy
Karnataka,Belgaum,2017,2355.774,1526.0552,1.5437016957184773,0,0,Healthy
Karnataka,Bellary,2016,1988.484,1996.2764000000002,0.9960965325242536,0,0,Healthy
Karnataka,Bellary,2017,2666.85,2004.0516000000002,1.3307292087688758,0,0,Healthy
Karnataka,Bidar,2016,982.8459999999999,1462.5748,0.6719970834995925,0,1,Drought
Karnataka,Bidar,2017,2025.0939999999998,1366.6904,1.4817503657009663,0,0,Healthy
Karnataka,Bijapur / Vijayapura,2016,2084.2,1878.8295999999998,1.1093076242784339,0,0,Healthy
Karnataka,Bijapur / Vijayapura,2017,2470.326,1908.7900000000002,1.2941842738069667,0,0,Healthy
Karnataka,Chickmagalur,2016,1224.128,1184.7112000000002,1.0332712309970562,0,0,Healthy
Karnataka,Chickmagalur,2017,1238.5,1200.4604000000002,1.031687509225627,0,0,Healthy
Karnataka,Chitradurga,2016,1570.256,2062.9892,0.7611557055170236,0,1,Drought
Karnataka,Chitradurga,2017,2402.4379999999996,1975.6092,1.2160492064928627,0,0,Healthy
Karnataka,Dakshina Kannada,2016,1167.036,1118.3844000000001,1.0435016797444598,0,0,Healthy
Karnataka,Dakshina Kannada,2017,1347.614,1134.7528,1.1875837627366947,0,0,Healthy
Karnataka,Dharwad,2016,1033.054,1372.9548,0.7524311798174275,0,1,Drought
Karnataka,Dharwad,2017,1737.3259999999998,1267.7564,1.3703941861385986,0,0,Healthy
Karnataka,Gulbarga / Kalaburagi,2016,1885.616,1553.6167999999998,1.213694393623962,0,0,Healthy
Karnataka,Gulbarga / Kalaburagi,2017,2746.5060000000003,1625.5151999999998,1.6896218503524303,0,0,Healthy
Karnataka,Hassan,2016,901.0440000000001,1441.0892,0.6252520662843079,0,1,Drought
Karnataka,Hassan,2017,2253.732,1344.3752,1.676415929124548,0,0,Healthy
Karnataka,Kodagu / Coorg,2016,1593.792,1412.0408000000002,1.128715260918806,0,0,Healthy
Karnataka,Kodagu / Coorg,2017,1976.25,1469.9299999999998,1.344451776615213,0,0,Healthy
Karnataka,Kolar,2016,1218.0700000000002,1352.9856,0.9002830480974817,0,0,Healthy
Karnataka,Kolar,2017,1855.2900000000002,1333.3511999999998,1.391448854585349,0,0,Healthy
Karnataka,Mandya,2016,739.318,1635.6632,0.4519989200710758,0,1,Drought
Karnataka,Mandya,2017,1209.25,1462.8052000000002,0.8266650952567025,0,3,Partial
Karnataka,Mysore,2016,1255.608,1721.9828000000002,0.7291640775970584,0,1,Drought
Karnataka,Mysore,2017,1970.518,1676.2464,1.175553904247013,0,0,Healthy
Karnataka,Raichur,2016,1485.316,1855.3184,0.8005720204143936,0,3,Partial
Karnataka,Raichur,2017,2280.124,1796.9692,1.2688720541231313,0,0,Healthy
Karnataka,Shimoge,2016,1580.0579999999998,1766.7836000000002,0.8943132594167161,0,3,Partial
Karnataka,Shimoge,2017,2489.432,1717.3760000000002,1.449555601103078,0,0,Healthy
Karnataka,Tumkur,2016,1028.498,1284.1712000000002,0.8009041162112963,0,3,Partial
Karnataka,Tumkur,2017,1633.1580000000001,1222.7495999999999,1.3356438636332413,0,0,Healthy
Karnataka,Uttara Kannada,2016,1477.4879999999998,1243.314,1.188346628446233,0,0,Healthy
Karnataka,Uttara Kannada,2017,1485.374,1335.802,1.1119716844262848,0,0,Healthy
Kerala,Alappuzha,2016,631.306,585.9075999999999,1.0774838899512487,0,0,Healthy
Kerala,Alappuzha,2017,581.836,588.6048000000001,0.9885002636743702,0,0,Healthy
Kerala,Eranakulam,2016,1186.042,475.9688,2.4918482051764737,0,0,Healthy
Kerala,Eranakulam,2017,1174.284,626.9932,1.872881555972218,0,0,Healthy
Kerala,Kannur,2016,474.48199999999997,505.4856,0.9386657107541738,0,0,Healthy
Kerala,Kannur,2017,473.488,509.49440000000004,0.9293291545500794,0,0,Healthy
Kerala,Kollam,2016,569.914,546.9788000000001,1.0419306927434846,0,0,Healthy
Kerala,Kollam,2017,524.75,548.6351999999999,0.9564643318547553,0,0,Healthy
Kerala,Kottayam,2016,1288.53,636.4548000000001,2.02454282692188,0,0,Healthy
Kerala,Kottayam,2017,1263.596,776.234,1.6278544871778355,0,0,Healthy
Kerala,Kozhikode,2016,462.474,499.062,0.9266864638061002,0,0,Healthy
Kerala,Kozhikode,2017,467.91999999999996,502.34839999999997,0.931465094743011,0,0,Healthy
Kerala,Malappuram,2016,482.1,510.31239999999997,0.9447154331346839,0,0,Healthy
Kerala,Malappuram,2017,605.1600000000001,508.034,1.1911801178661272,0,0,Healthy
Kerala,Palakkad,2016,616.7180000000001,905.15,0.6813434237419214,0,1,Drought
Kerala,Palakkad,2017,974.4860000000001,735.9176,1.3241781416832539,0,0,Healthy
Kerala,Thiruvananthapuram,2016,440.948,508.2848,0.8675215154968238,0,3,Partial
Kerala,Thiruvananthapuram,2017,524.0060000000001,494.1412,1.060437785798877,0,0,Healthy
Kerala,Thrissur,2016,544.816,608.5020000000001,0.8953397030741065,0,3,Partial
Kerala,Thrissur,2017,643.58,599.7136,1.0731455814908983,0,0,Healthy
Madhya Pradesh,Balaghat,2016,1462.28,1304.9995999999999,1.1205214162517751,0,0,Healthy
Madhya Pradesh,Balaghat,2017,1441.4360000000001,1358.3396,1.0611749815730913,0,0,Healthy
Madhya Pradesh,Betul,2016,1802.218,1770.4568,1.0179395509678633,0,0,Healthy
Madhya Pradesh,Betul,2017,2141.132,1849.9575999999997,1.1573951748948195,0,0,Healthy
Madhya Pradesh,Bhind,2016,2374.092,2269.4856,1.0460925594769142,0,0,Healthy
Madhya Pradesh,Bhind,2017,2287.1580000000004,2407.5268,0.9500031318446799,0,0,Healthy
Madhya Pradesh,Chhatarpur,2016,1286.834,1000.5903999999998,1.2860747014962368,0,0,Healthy
Madhya Pradesh,Chhatarpur,2017,1814.1800000000003,1100.9424,1.6478427935921085,0,0,Healthy
Madhya Pradesh,Chhindwara,2016,2356.186,2142.3648,1.0998061581295586,0,0,Healthy
Madhya Pradesh,Chhindwara,2017,2408.332,2145.0512,1.1227387019946191,0,0,Healthy
Madhya Pradesh,Damoh,2016,1836.0520000000001,1712.0916000000002,1.0724029018073564,0,0,Healthy
Madhya Pradesh,Damoh,2017,1887.128,1704.3888000000002,1.1072168509908067,0,0,Healthy
Madhya Pradesh,Datia,2016,1788.0059999999999,1654.8512000000003,1.0804633069124279,0,0,Healthy
Madhya Pradesh,Datia,2017,1875.8160000000003,1719.4383999999998,1.090946904524175,0,0,Healthy
Madhya Pradesh,Dewas,2016,1785.3020000000001,1350.1128,1.3223354374538188,0,0,Healthy
Madhya Pradesh,Dewas,2017,2030.2440000000001,1464.2356000000002,1.3865555515792676,0,0,Healthy
Madhya Pradesh,Dhar,2016,1713.27,1754.4712000000004,0.9765164569244565,0,0,Healthy
Madhya Pradesh,Dhar,2017,2264.784,1852.9536,1.222256186015667,0,0,Healthy
Madhya Pradesh,Guna,2016,1129.6619999999998,1598.4288000000001,0.7067327615718634,0,1,Drought
Madhya Pradesh,Guna,2017,2139.2439999999997,1536.5912,1.3922011267538168,0,0,Healthy
Madhya Pradesh,Gwalior,2016,2109.6459999999997,2303.8464,0.9157060123452674,0,0,Healthy
Madhya Pradesh,Gwalior,2017,2689.572,2215.4816,1.213989770892252,0,0,Healthy
Madhya Pradesh,Hoshangabad,2016,2430.998,2128.1884,1.1422851473112061,0,0,Healthy
Madhya Pradesh,Hoshangabad,2017,2389.6040000000003,2179.6244,1.096337515766478,0,0,Healthy
Madhya Pradesh,Indore,2016,1490.11,1277.2832,1.1666245982096999,0,0,Healthy
Madhya Pradesh,Indore,2017,2210.8599999999997,1361.2912000000001,1.6240904223872155,0,0,Healthy
Madhya Pradesh,Jabalpur,2016,1732.578,1459.8392,1.1868279739302796,0,0,Healthy
Madhya Pradesh,Jabalpur,2017,2183.564,1576.626,1.3849600349099913,0,0,Healthy
Madhya Pradesh,Jhabua,2016,2009.9559999999997,1547.0412,1.2992259029688413,0,0,Healthy
Madhya Pradesh,Jhabua,2017,2290.322,1734.2552,1.3206372395481358,0,0,Healthy
Madhya Pradesh,Khandwa / East Nimar,2016,2191.4139999999998,1795.534,1.2204803696281996,0,0,Healthy
Madhya Pradesh,Khandwa / East Nimar,2017,2292.458,1932.7407999999996,1.1861176625443002,0,0,Healthy
Madhya Pradesh,Khargone / West Nimar,2016,2560.2859999999996,2106.3412,1.2155134220419748,0,0,Healthy
Madhya Pradesh,Khargone / West Nimar,2017,2613.6459999999997,2243.5768,1.1649460807403607,0,0,Healthy
Madhya Pradesh,Mandla,2016,1405.932,1124.3064,1.2504883010538765,0,0,Healthy
Madhya Pradesh,Mandla,2017,2089.5240000000003,1267.7232,1.6482493970292573,0,0,Healthy
Madhya Pradesh,Mandsaur,2016,1438.712,1475.3624,0.9751583746474765,0,0,Healthy
Madhya Pradesh,Mandsaur,2017,2489.304,1508.4460000000001,1.6502440259710986,0,0,Healthy
Madhya Pradesh,Morena,2016,2363.938,2533.8792000000003,0.9329323986715704,0,0,Healthy
Madhya Pradesh,Morena,2017,2807.6580000000004,2601.8872,1.0790852116878857,0,0,Healthy
Madhya Pradesh,Narsinghpur,2016,2120.4,1999.5031999999999,1.0604634191133078,0,0,Healthy
Madhya Pradesh,Narsinghpur,2017,2851.162,1960.2307999999998,1.454503214621462,0,0,Healthy
Madhya Pradesh,Panna,2016,1932.786,1278.5183999999997,1.5117389002770711,0,0,Healthy
Madhya Pradesh,Panna,2017,1755.284,1438.1167999999998,1.2205434217860471,0,0,Healthy
Madhya Pradesh,Raisen,2016,1419.024,1656.0444000000002,0.8568755765243974,0,3,Partial
Madhya Pradesh,Raisen,2017,1781.3759999999997,1621.884,1.0983374889942805,0,0,Healthy
Madhya Pradesh,Rajgarh,2016,1988.3739999999998,1262.6676,1.5747406522508376,0,0,Healthy
Madhya Pradesh,Rajgarh,2017,1816.782,1463.2328,1.2416219756692168,0,0,Healthy
Madhya Pradesh,Ratlam,2016,1335.988,1453.4147999999998,0.9192062720153945,0,0,Healthy
Madhya Pradesh,Ratlam,2017,1649.78,1338.5947999999999,1.2324715440400635,0,0,Healthy
Madhya Pradesh,Rewa,2016,1696.7240000000002,1288.3799999999999,1.3169437588289172,0,0,Healthy
Madhya Pradesh,Rewa,2017,2557.568,1448.068,1.7661933003146262,0,0,Healthy
Madhya Pradesh,Sagar,2016,1258.152,1240.8168,1.013970797300617,0,0,Healthy
Madhya Pradesh,Sagar,2017,1527.5,1252.898,1.2191734682312527,0,0,Healthy
Madhya Pradesh,Satna,2016,1805.7600000000002,1552.9419999999998,1.1627993833639636,0,0,Healthy
Madhya Pradesh,Satna,2017,2291.326,1699.3152000000002,1.348381983519008,0,0,Healthy
Madhya Pradesh,Sehore,2016,2086.888,1860.6148,1.1216120607016562,0,0,Healthy
Madhya Pradesh,Sehore,2017,2353.278,1928.7599999999998,1.2200989236607978,0,0,Healthy
Madhya Pradesh,Seoni / Shivani,2016,2008.048,1488.1368000000002,1.3493705686197666,0,0,Healthy
Madhya Pradesh,Seoni / Shivani,2017,2378.608,1704.1968000000002,1.3957355159920497,0,0,Healthy
Madhya Pradesh,Shahdol,2016,1405.714,1342.5064000000002,1.0470817867236981,0,0,Healthy
Madhya Pradesh,Shahdol,2017,1870.214,1465.748,1.275945114712761,0,0,Healthy
Madhya Pradesh,Shajapur,2016,1408.8700000000001,1198.3727999999999,1.1756525181479422,0,0,Healthy
Madhya Pradesh,Shajapur,2017,2190.7799999999997,1208.3384,1.8130517080314583,0,0,Healthy
Madhya Pradesh,Shivpuri,2016,2048.034,1672.3683999999998,1.2246308887443702,0,0,Healthy
Madhya Pradesh,Shivpuri,2017,2247.7879999999996,1772.5839999999996,1.2680854616762873,0,0,Healthy
Madhya Pradesh,Sidhi,2016,1944.068,1308.3124000000003,1.4859356221037112,0,0,Healthy
Madhya Pradesh,Sidhi,2017,2374.65,1528.1104,1.553978037188936,0,0,Healthy
Madhya Pradesh,Tikamgarh,2016,1361.334,944.0916000000001,1.4419511835504097,0,0,Healthy
Madhya Pradesh,Tikamgarh,2017,1190.714,1035.9228,1.1494234898585105,0,0,Healthy
Madhya Pradesh,Ujjain,2016,1159.41,1039.3067999999998,1.1155608719196297,0,0,Healthy
Madhya Pradesh,Ujjain,2017,1916.2280000000003,1034.6616,1.8520335537725576,0,0,Healthy
Madhya Pradesh,Vidisha,2016,1258.836,1414.8039999999999,0.8897599950240458,0,3,Partial
Madhya Pradesh,Vidisha,2017,2214.874,1417.7692000000002,1.5622246554657835,0,0,Healthy
Maharashtra,Ahmednagar,2016,1742.6,1170.716,1.488490803918286,0,0,Healthy
Maharashtra,Ahmednagar,2017,1848.618,1260.4180000000001,1.4666705807121128,0,0,Healthy
Maharashtra,Akola,2016,1029.2440000000001,1048.2671999999998,0.9818527184672003,0,0,Healthy
Maharashtra,Akola,2017,965.51,918.3532000000001,1.0513493065630957,0,0,Healthy
Maharashtra,Amarawati,2016,1110.708,1004.2860000000001,1.105967821915271,0,0,Healthy
Maharashtra,Amarawati,2017,1168.716,927.0279999999999,1.2607127292811005,0,0,Healthy
Maharashtra,Aurangabad,2016,1563.084,1030.1871999999998,1.517281519319984,0,0,Healthy
Maharashtra,Aurangabad,2017,1114.522,1032.1164,1.079841382231694,0,0,Healthy
Maharashtra,Beed,2016,1055.266,714.7116,1.4764920563763064,0,0,Healthy
Maharashtra,Beed,2017,712.0980000000001,721.7368,0.9866449930223872,0,0,Healthy
Maharashtra,Bhandara,2016,1017.3399999999999,828.892,1.22734928072656,0,0,Healthy
Maharashtra,Bhandara,2017,602.182,893.5336,0.6739332466065071,0,1,Drought
Maharashtra,Bombay,2016,200.0,0.0,inf,0,0,Healthy
Maharashtra,Buldhana,2016,1187.1799999999998,989.658,1.199586119649414,0,0,Healthy
Maharashtra,Buldhana,2017,1037.8319999999999,954.4135999999999,1.0874027779989723,0,0,Healthy
Maharashtra,Chandrapur,2016,1257.114,1074.2743999999998,1.1701982286834727,0,0,Healthy
Maharashtra,Chandrapur,2017,1006.016,1143.2712,0.8799451958555415,0,3,Partial
Maharashtra,Dhule,2016,1648.274,1553.5228000000002,1.0609911872551852,0,0,Healthy
Maharashtra,Dhule,2017,1863.768,1503.492,1.2396261503220503,0,0,Healthy
Maharashtra,Jalgaon,2016,1821.5720000000001,1656.4684000000002,1.0996720492826786,0,0,Healthy
Maharashtra,Jalgaon,2017,1675.3379999999997,1579.0536,1.06097601753354,0,0,Healthy
Maharashtra,Kolhapur,2016,2214.5,1952.0768,1.134432825593747,0,0,Healthy
Maharashtra,Kolhapur,2017,2008.5220000000002,1982.5912,1.0130792469975656,0,0,Healthy
Maharashtra,Nagpur,2016,1304.772,931.5312000000001,1.4006745023677143,0,0,Healthy
Maharashtra,Nagpur,2017,985.268,1016.3936000000001,0.9693764305481655,0,0,Healthy
Maharashtra,Nanded,2016,1072.278,691.6980000000001,1.5502112193471715,0,0,Healthy
Maharashtra,Nanded,2017,962.548,704.4012,1.3664769452408656,0,0,Healthy
Maharashtra,Nasik,2016,2477.06,1597.7148,1.550376825701308,0,0,Healthy
Maharashtra,Nasik,2017,2330.8120000000004,1744.2887999999998,1.3362534919676148,0,0,Healthy
Maharashtra,Osmanabad,2016,657.754,712.5391999999999,0.9231127213772942,0,0,Healthy
Maharashtra,Osmanabad,2017,597.87,645.8856,0.9256592808385882,0,0,Healthy
Maharashtra,Parbhani,2016,807.972,728.9764,1.108365099336549,0,0,Healthy
Maharashtra,Parbhani,2017,560.854,658.3972,0.8518474865931994,0,3,Partial
Maharashtra,Pune,2016,2309.8840000000005,1594.6896000000002,1.4484850217873122,0,0,Healthy
Maharashtra,Pune,2017,1918.5440000000003,1724.7416,1.1123660494998209,0,0,Healthy
Maharashtra,Raigad,2016,545.632,698.8604,0.7807453391263833,0,1,Drought
Maharashtra,Raigad,2017,544.132,597.4064,0.9108238545820734,0,0,Healthy
Maharashtra,Ratnagiri,2016,1340.91,825.8128,1.6237457205797732,0,0,Healthy
Maharashtra,Ratnagiri,2017,618.604,869.47,0.7114725062394333,0,1,Drought
Maharashtra,Sangli,2016,1962.268,1451.498,1.3518916319554006,0,0,Healthy
Maharashtra,Sangli,2017,1539.4759999999999,1579.72,0.9745245992960777,0,0,Healthy
Maharashtra,Satara,2016,1540.95,1484.9992,1.0376773266948562,0,0,Healthy
Maharashtra,Satara,2017,1719.3799999999999,1474.7384,1.1658881331088957,0,0,Healthy
Maharashtra,Solapur,2016,792.0620000000001,767.0175999999999,1.032651662751937,0,0,Healthy
Maharashtra,Solapur,2017,741.548,740.2308,1.0017794450055306,0,0,Healthy
Maharashtra,Thane,2016,1846.5880000000002,800.2632,2.3074758404484927,0,0,Healthy
Maharashtra,Thane,2017,1455.1439999999998,919.5808000000001,1.5823992845435655,0,0,Healthy
Maharashtra,Wardha,2016,711.14,537.3124,1.323513099641847,0,0,Healthy
Maharashtra,Wardha,2017,470.788,562.7964,0.8365156564612,0,3,Partial
Maharashtra,Yeotmal,2016,866.518,830.7012000000001,1.0431163455644459,0,0,Healthy
Maharashtra,Yeotmal,2017,805.28,702.8208000000001,1.145782822591477,0,0,Healthy
Orissa,Balasore,2016,1408.2779999999998,1153.2272,1.2211626642174238,0,0,Healthy
Orissa,Balasore,2017,1269.032,1206.8515999999997,1.0515228218614452,0,0,Healthy
Orissa,Bolangir,2016,1521.01,1406.4144,1.0814806788098872,0,0,Healthy
Orissa,Bolangir,2017,1347.288,1486.3139999999999,0.9064625644379318,0,0,Healthy
Orissa,Cuttack,2016,1384.032,1128.386,1.2265589966553998,0,0,Healthy
Orissa,Cuttack,2017,1195.0040000000001,1198.4952,0.9970870137819493,0,0,Healthy
Orissa,Dhenkanal,2016,1334.1079999999997,1112.984,1.198676710536719,0,0,Healthy
Orissa,Dhenkanal,2017,1125.118,1183.7492,0.9504699137283471,0,0,Healthy
Orissa,Ganjam,2016,1693.7720000000002,1286.4468000000002,1.3166280953087217,0,0,Healthy
Orissa,Ganjam,2017,1534.7599999999998,1400.8784,1.0955697510933138,0,0,Healthy
Orissa,Kalahandi,2016,1702.618,1578.0056,1.0789682875650124,0,0,Healthy
Orissa,Kalahandi,2017,1536.534,1639.8067999999998,0.9370213612969529,0,0,Healthy
Orissa,Keonjhar,2016,1685.9099999999999,1291.0452,1.3058489354206961,0,0,Healthy
Orissa,Keonjhar,2017,1695.366,1386.8432,1.2224640824571948,0,0,Healthy
Orissa,Koraput,2016,1708.452,1512.0623999999998,1.1298819413801973,0,0,Healthy
Orissa,Koraput,2017,1709.81,1587.0531999999998,1.0773488878633686,0,0,Healthy
Orissa,Mayurbhanja,2016,1322.9379999999999,1134.0252,1.1665860688104637,0,0,Healthy
Orissa,Mayurbhanja,2017,1256.7,1165.3804,1.0783603362472889,0,0,Healthy
Orissa,Phulbani ( Kandhamal ),2016,1564.67,1227.8516,1.2743152348378257,0,0,Healthy
Orissa,Phulbani ( Kandhamal ),2017,1554.854,1314.5120000000002,1.182837433207152,0,0,Healthy
Orissa,Puri,2016,1366.1460000000002,1082.4584,1.2620771384840288,0,0,Healthy
Orissa,Puri,2017,1259.15,1161.4852,1.0840861338568928,0,0,Healthy
Orissa,Sambalpur,2016,1442.5400000000002,1329.4272,1.0850838616811813,0,0,Healthy
Orissa,Sambalpur,2017,1389.628,1355.7156,1.025014390923878,0,0,Healthy
Orissa,Sundargarh,2016,1467.1680000000001,1360.2104000000002,1.078633129110026,0,0,Healthy
Orissa,Sundargarh,2017,1502.882,1381.674,1.0877254692496205,0,0,Healthy
Punjab,Amritsar,2016,2222.906,2388.5020000000004,0.9306695158722913,0,0,Healthy
Punjab,Amritsar,2017,2248.57,2287.1624,0.9831265151962973,0,0,Healthy
Punjab,Bhatinda,2016,2036.1740000000002,2083.9196,0.9770885594626587,0,0,Healthy
Punjab,Bhatinda,2017,2099.814,2088.91,1.005219947245214,0,0,Healthy
Punjab,Ferozpur,2016,2650.728,1842.7540000000001,1.438460044042775,0,0,Healthy
Punjab,Ferozpur,2017,2774.462,2017.8328000000001,1.3749712067322921,0,0,Healthy
Punjab,Gurdaspur,2016,2061.076,1995.45,1.0328878197900222,0,0,Healthy
Punjab,Gurdaspur,2017,2102.6099999999997,1952.4311999999998,1.0769188691514455,0,0,Healthy
Punjab,Hoshiarpur,2016,2413.74,2369.0119999999997,1.0188804446748265,0,0,Healthy
Punjab,Hoshiarpur,2017,2417.2039999999997,2356.0144,1.025971657898186,0,0,Healthy
Punjab,Jalandhar,2016,2817.614,2459.1464000000005,1.1457691172839484,0,0,Healthy
Punjab,Jalandhar,2017,2749.4299999999994,2504.3336,1.0978689101164476,0,0,Healthy
Punjab,Kapurthala,2016,2303.55,2643.7699999999995,0.8713125574463741,0,3,Partial
Punjab,Kapurthala,2017,2938.0099999999998,2480.6096,1.184390320830815,0,0,Healthy
Punjab,Ludhiana,2016,2581.2799999999997,2907.3332,0.8878514509448039,0,3,Partial
Punjab,Ludhiana,2017,2777.88,2918.5939999999996,0.9517870591113394,0,0,Healthy
Punjab,Patiala,2016,2738.5260000000003,2634.9831999999997,1.039295430801988,0,0,Healthy
Punjab,Patiala,2017,2741.0260000000003,2630.2635999999998,1.0421107603055453,0,0,Healthy
Punjab,Roopnagar / Ropar,2016,2568.734,2355.5516,1.0905021142393994,0,0,Healthy
Punjab,Roopnagar / Ropar,2017,2613.468,2390.484,1.0932798546235825,0,0,Healthy
Punjab,Sangrur,2016,2665.536,2612.2275999999997,1.0204072570093052,0,0,Healthy
Punjab,Sangrur,2017,2207.512,2753.5936,0.8016840248321321,0,3,Partial
Rajasthan,Ajmer,2016,1653.774,1370.414,1.2067696331181672,0,0,Healthy
Rajasthan,Ajmer,2017,1708.0700000000002,1365.7712,1.2506267521236356,0,0,Healthy
Rajasthan,Alwar,2016,2238.1059999999998,2059.5148,1.086715181653465,0,0,Healthy
Rajasthan,Alwar,2017,2213.326,2079.5188,1.0643452706462668,0,0,Healthy
Rajasthan,Banswara,2016,1281.914,1247.2652000000003,1.0277798177965678,0,0,Healthy
Rajasthan,Banswara,2017,1350.3139999999999,1225.8856,1.1015008251993497,0,0,Healthy
Rajasthan,Barmer,2016,609.5699999999999,594.1504,1.0259523514584858,0,0,Healthy
Rajasthan,Barmer,2017,775.006,624.9452,1.240118333575488,0,0,Healthy
Rajasthan,Bharatpur,2016,2278.312,2004.2920000000001,1.1367166061631737,0,0,Healthy
Rajasthan,Bharatpur,2017,2169.302,2036.536,1.0651920712425413,0,0,Healthy
Rajasthan,Bhilwara,2016,1919.9180000000001,1751.0944,1.0964103363016866,0,0,Healthy
Rajasthan,Bhilwara,2017,2008.25,1813.4099999999999,1.1074439867432075,0,0,Healthy
Rajasthan,Bikaner,2016,1607.624,1196.6735999999999,1.3434106008522293,0,0,Healthy
Rajasthan,Bikaner,2017,714.508,1230.2900000000002,0.5807638849376976,0,1,Drought
Rajasthan,Bundi,2016,2340.906,2086.1976,1.1220921738190093,0,0,Healthy
Rajasthan,Bundi,2017,2540.756,2116.6551999999997,1.20036366811184,0,0,Healthy
Rajasthan,Chittorgarh,2016,1792.634,2007.1775999999998,0.8931118003708293,0,3,Partial
Rajasthan,Chittorgarh,2017,2235.912,1967.8548000000003,1.1362179770580632,0,0,Healthy
Rajasthan,Churu,2016,706.6960000000001,537.9068,1.3137889314654512,0,0,Healthy
Rajasthan,Churu,2017,1037.366,607.474,1.707671439436091,0,0,Healthy
Rajasthan,Dungarpur,2016,1265.81,1067.1704,1.1861367219330672,0,0,Healthy
Rajasthan,Dungarpur,2017,1215.974,1106.2252,1.0992101789038975,0,0,Healthy
Rajasthan,Ganganagar,2016,1929.4940000000001,2098.1376,0.9196222402191353,0,0,Healthy
Rajasthan,Ganganagar,2017,2106.702,2069.1292000000003,1.0181587500674196,0,0,Healthy
Rajasthan,Jaipur,2016,1514.0059999999999,1380.0148000000002,1.0970940311654627,0,0,Healthy
Rajasthan,Jaipur,2017,1418.42,1407.3364,1.0078755868177645,0,0,Healthy
Rajasthan,Jaisalmer,2016,388.42400000000004,361.46279999999996,1.0745891416765434,0,0,Healthy
Rajasthan,Jaisalmer,2017,421.142,336.754,1.2505924205800079,0,0,Healthy
Rajasthan,Jalore,2016,803.524,998.6848,0.8045821864916739,0,3,Partial
Rajasthan,Jalore,2017,942.906,932.4848,1.0111757317652792,0,0,Healthy
Rajasthan,Jhalawar,2016,1824.0480000000002,1957.3964,0.9318746064925838,0,0,Healthy
Rajasthan,Jhalawar,2017,2296.756,1840.4632000000001,1.2479228055198277,0,0,Healthy
Rajasthan,Jhunjhunu,2016,1103.392,1004.3808000000001,1.0985793436115066,0,0,Healthy
Rajasthan,Jhunjhunu,2017,1000.05,1018.314,0.9820644712731044,0,0,Healthy
Rajasthan,Jodhpur,2016,1015.866,825.6872000000001,1.2303279014135133,0,0,Healthy
Rajasthan,Jodhpur,2017,1172.2199999999998,808.4671999999999,1.4499289519723249,0,0,Healthy
Rajasthan,Kota,2016,2420.9880000000003,2019.464,1.1988270154852974,0,0,Healthy
Rajasthan,Kota,2017,2428.982,2092.9456,1.160556681454119,0,0,Healthy
Rajasthan,Nagaur,2016,1132.3780000000002,1110.1808,1.019994220761159,0,0,Healthy
Rajasthan,Nagaur,2017,1222.5800000000002,1079.8708000000001,1.132153957677159,0,0,Healthy
Rajasthan,Pali,2016,1122.636,979.7132000000001,1.1458822847339403,0,0,Healthy
Rajasthan,Pali,2017,829.642,996.6211999999999,0.8324546979333775,0,3,Partial
Rajasthan,Sikar,2016,1519.924,1336.3968,1.1373298708886463,0,0,Healthy
Rajasthan,Sikar,2017,1217.5459999999998,1361.9448,0.8939760260474579,0,3,Partial
Rajasthan,Sirohi,2016,1477.9339999999997,1141.7448,1.2944521402681228,0,0,Healthy
Rajasthan,Sirohi,2017,605.466,1227.2671999999998,0.4933448885458685,0,1,Drought
Rajasthan,Swami Madhopur,2016,1979.8380000000002,1900.9971999999998,1.041473390912938,0,0,Healthy
Rajasthan,Swami Madhopur,2017,2076.55,1899.9279999999999,1.092962470156764,0,0,Healthy
Rajasthan,Tonk,2016,1713.0940000000003,1264.2108,1.3550698981530613,0,0,Healthy
Rajasthan,Tonk,2017,2452.8239999999996,1359.4928,1.8042199267256138,0,0,Healthy
Rajasthan,Udaipur,2016,1524.914,1551.6767999999997,0.9827523360534876,0,0,Healthy
Rajasthan,Udaipur,2017,1630.032,1539.3147999999997,1.0589334943053885,0,0,Healthy
Tamil Nadu,Chengalpattu Mgr / Kanchipuram,2016,2079.116,2881.7871999999998,0.7214675670708789,0,1,Drought
Tamil Nadu,Chengalpattu Mgr / Kanchipuram,2017,2867.168,2770.5624,1.034868588413674,0,0,Healthy
Tamil Nadu,Coimbatore,2016,1765.6379999999997,2733.9256,0.6458251826604204,0,1,Drought
Tamil Nadu,Coimbatore,2017,2778.468,2500.9276,1.1109749838419951,0,0,Healthy
Tamil Nadu,Kanyakumari,2016,1375.2240000000002,1630.6663999999998,0.8433509146935267,0,3,Partial
Tamil Nadu,Kanyakumari,2017,2326.206,1688.8400000000001,1.3773986878567537,0,0,Healthy
Tamil Nadu,Madurai,2016,1674.2719999999997,3071.2068,0.5451511764040116,0,1,Drought
Tamil Nadu,Madurai,2017,3552.0199999999995,2792.9412,1.2717847407600271,0,0,Healthy
Tamil Nadu,North Arcot / Vellore,2016,2372.588,2887.3296,0.8217239902226612,0,3,Partial
Tamil Nadu,North Arcot / Vellore,2017,3290.5919999999996,2803.3716,1.1737980080842654,0,0,Healthy
Tamil Nadu,Ramananthapuram,2016,915.2959999999999,2422.3516000000004,0.37785431313934764,0,1,Drought
Tamil Nadu,Ramananthapuram,2017,2276.1639999999998,2084.752,1.0918152374958747,0,0,Healthy
Tamil Nadu,Salem,2016,2930.1059999999998,3118.1324,0.9396990326645526,0,0,Healthy
Tamil Nadu,Salem,2017,3384.9900000000002,3157.3527999999997,1.0720974862232693,0,0,Healthy
Tamil Nadu,South Arcot / Cuddalore,2016,2544.446,2427.6272,1.0481205681004069,0,0,Healthy
Tamil Nadu,South Arcot / Cuddalore,2017,3082.7,2553.1864,1.2073932400705252,0,0,Healthy
Tamil Nadu,Thanjavur,2016,1553.5639999999999,2555.7160000000003,0.6078781836479482,0,1,Drought
Tamil Nadu,Thanjavur,2017,2793.7239999999997,2316.4368,1.2060436960766638,0,0,Healthy
Tamil Nadu,The Nilgiris,2016,858.436,913.242,0.9399874293998743,0,0,Healthy
Tamil Nadu,The Nilgiris,2017,770.712,919.9291999999999,0.8377949085647026,0,3,Partial
Tamil Nadu,Thirunelveli,2016,1006.4180000000002,2683.2231999999995,0.37507800320152285,0,1,Drought
Tamil Nadu,Thirunelveli,2017,2739.424,2313.9308,1.1838832863973288,0,0,Healthy
Tamil Nadu,Tiruchirapalli / Trichy,2016,2110.3959999999997,2686.406,0.7855834151650941,0,1,Drought
Tamil Nadu,Tiruchirapalli / Trichy,2017,3637.9839999999995,2597.6968,1.4004652121063548,0,0,Healthy
Telangana,Adilabad,2016,2352.216,2022.042,1.1632874094603376,0,0,Healthy
Telangana,Adilabad,2017,2697.2,2118.9968,1.27286648096873,0,0,Healthy
Telangana,Hyderabad,2016,1893.0939999999998,1867.596,1.0136528456903955,0,0,Healthy
Telangana,Hyderabad,2017,1793.64,1957.4916,0.9162951197338471,0,0,Healthy
Telangana,Karimnagar,2016,2418.834,1928.4488000000001,1.2542899764826527,0,0,Healthy
Telangana,Karimnagar,2017,2383.62,2066.1356,1.1536609697833966,0,0,Healthy
Telangana,Khammam,2016,2240.718,1753.5795999999998,1.2777965710823735,0,0,Healthy
Telangana,Khammam,2017,2246.6639999999998,1836.0384,1.2236476099846276,0,0,Healthy
Telangana,Mahabubnagar,2016,1411.944,1519.218,0.9293886723301066,0,0,Healthy
Telangana,Mahabubnagar,2017,1644.7959999999998,1555.0432,1.0577172389808847,0,0,Healthy
Telangana,Medak,2016,1836.7779999999998,1853.3848000000003,0.9910397452272186,0,0,Healthy
Telangana,Medak,2017,2003.6559999999997,1846.4892,1.0851165552444064,0,0,Healthy
Telangana,Nalgonda,2016,1567.804,1274.5348000000001,1.230099013381196,0,0,Healthy
Telangana,Nalgonda,2017,1612.718,1297.9764,1.242486381108316,0,0,Healthy
Telangana,Nizamabad,2016,2294.2479999999996,2425.7416,0.945792412514177,0,0,Healthy
Telangana,Nizamabad,2017,2563.4379999999996,2417.9403999999995,1.0601741879162945,0,0,Healthy
Telangana,Warangal,2016,2386.512,1796.3504,1.3285336758351822,0,0,Healthy
Telangana,Warangal,2017,2565.014,1985.0828000000001,1.2921445896362609,0,0,Healthy
Uttar Pradesh,Agra,2016,2534.732,2408.1575999999995,1.0525606795834295,0,0,Healthy
Uttar Pradesh,Agra,2017,2547.448,2421.8792,1.0518476726667458,0,0,Healthy
Uttar Pradesh,Aligarh,2016,2376.1099999999997,2081.5052,1.141534501090845,0,0,Healthy
Uttar Pradesh,Aligarh,2017,2539.0979999999995,2166.584,1.1719360984849883,0,0,Healthy
Uttar Pradesh,Allahabad,2016,1862.062,1631.2468000000001,1.1414961856170383,0,0,Healthy
Uttar Pradesh,Allahabad,2017,2076.556,1639.3052,1.2667293436268,0,0,Healthy
Uttar Pradesh,Azamgarh,2016,2058.656,1872.5260000000003,1.099400488965173,0,0,Healthy
Uttar Pradesh,Azamgarh,2017,2169.006,1904.0852,1.1391328497275226,0,0,Healthy
Uttar Pradesh,Bahraich,2016,1964.2239999999997,1836.0207999999998,1.0698266599158353,0,0,Healthy
Uttar Pradesh,Bahraich,2017,2195.8320000000003,1852.4476,1.1853679423914611,0,0,Healthy
Uttar Pradesh,Ballia,2016,2078.648,1882.6080000000002,1.104132140095017,0,0,Healthy
Uttar Pradesh,Ballia,2017,2261.8839999999996,1895.0716,1.193561235364405,0,0,Healthy
Uttar Pradesh,Banda,2016,1660.2779999999998,1530.7116,1.0846445535527396,0,0,Healthy
Uttar Pradesh,Banda,2017,1785.65,1596.3392,1.118590585259073,0,0,Healthy
Uttar Pradesh,Barabanki,2016,1822.684,1777.6644000000001,1.0253251401108106,0,0,Healthy
Uttar Pradesh,Barabanki,2017,2291.214,1732.5351999999998,1.3224631741969803,0,0,Healthy
Uttar Pradesh,Bareilly,2016,2064.028,1878.7812,1.0985994537309614,0,0,Healthy
Uttar Pradesh,Bareilly,2017,2198.96,1891.2248,1.1627174093740733,0,0,Healthy
Uttar Pradesh,Basti,2016,1678.2059999999997,1760.9804,0.9529952746776738,0,0,Healthy
Uttar Pradesh,Basti,2017,1863.922,1718.9152,1.084359484400394,0,0,Healthy
Uttar Pradesh,Bijnor,2016,1621.8,1374.6856,1.1797606667299054,0,0,Healthy
Uttar Pradesh,Bijnor,2017,1826.2040000000002,1475.0852,1.2380328946422892,0,0,Healthy
Uttar Pradesh,Budaun,2016,2093.208,1916.3131999999998,1.0923099626929462,0,0,Healthy
Uttar Pradesh,Budaun,2017,2112.734,1931.6508000000001,1.0937453084170285,0,0,Healthy
Uttar Pradesh,Buland Shahar,2016,2342.8059999999996,2335.5548000000003,1.0031047012898173,0,0,Healthy
Uttar Pradesh,Buland Shahar,2017,2561.172,2341.5852,1.0937769849245715,0,0,Healthy
Uttar Pradesh,Deoria,2016,2211.552,2052.352,1.077569539728078,0,0,Healthy
Uttar Pradesh,Deoria,2017,2427.3840000000005,2082.8232,1.1654296917760474,0,0,Healthy
Uttar Pradesh,Etah,2016,2382.6639999999998,2408.5424,0.9892555763186897,0,0,Healthy
Uttar Pradesh,Etah,2017,2468.3959999999997,2395.732,1.0303306045918323,0,0,Healthy
Uttar Pradesh,Etawah,2016,2608.236,2397.6072,1.0878495860372792,0,0,Healthy
Uttar Pradesh,Etawah,2017,2692.6279999999997,2448.4576,1.0997241692075859,0,0,Healthy
Uttar Pradesh,Faizabad,2016,1886.03,1715.1696,1.0996172040362655,0,0,Healthy
Uttar Pradesh,Faizabad,2017,2307.112,1696.9743999999998,1.3595443749770182,0,0,Healthy
Uttar Pradesh,Farrukhabad,2016,2363.596,2152.0712,1.098288941369598,0,0,Healthy
Uttar Pradesh,Farrukhabad,2017,2786.618,2160.8876000000005,1.2895710077655123,0,0,Healthy
Uttar Pradesh,Fatehpur,2016,1938.006,1719.2,1.127271986970684,0,0,Healthy
Uttar Pradesh,Fatehpur,2017,2158.1400000000003,1728.2372,1.2487521967470672,0,0,Healthy
Uttar Pradesh,Ghazipur,2016,1571.08,1851.4208000000003,0.8485807224376002,0,3,Partial
Uttar Pradesh,Ghazipur,2017,1936.7220000000002,1791.2916,1.081187451557301,0,0,Healthy
Uttar Pradesh,Gonda,2016,1498.99,1212.222,1.2365639297092448,0,0,Healthy
Uttar Pradesh,Gonda,2017,1580.358,1259.73,1.2545212069252936,0,0,Healthy
Uttar Pradesh,Gorakhpur,2016,1807.414,1470.1596,1.2293998556347216,0,0,Healthy
Uttar Pradesh,Gorakhpur,2017,1829.7060000000001,1530.15,1.1957690422507596,0,0,Healthy
Uttar Pradesh,Hamirpur,2016,1789.506,1505.5552000000002,1.1886020519207796,0,0,Healthy
Uttar Pradesh,Hamirpur,2017,1908.414,1600.9924,1.1920193999671702,0,0,Healthy
Uttar Pradesh,Hardoi,2016,2235.294,1902.2408,1.17508466856562,0,0,Healthy
Uttar Pradesh,Hardoi,2017,2293.828,1973.0115999999998,1.1626023891598003,0,0,Healthy
Uttar Pradesh,Jalaun,2016,1473.866,1511.4551999999999,0.9751304570588663,0,0,Healthy
Uttar Pradesh,Jalaun,2017,2182.18,1475.0968,1.4793469825166727,0,0,Healthy
Uttar Pradesh,Jaunpur,2016,1893.414,1775.4856,1.0664203640964478,0,0,Healthy
Uttar Pradesh,Jaunpur,2017,1996.8879999999997,1766.5279999999998,1.1304026882109992,0,0,Healthy
Uttar Pradesh,Jhansi,2016,1523.2320000000002,1384.042,1.100567757336844,0,0,Healthy
Uttar Pradesh,Jhansi,2017,1567.136,1371.5008,1.142643154127216,0,0,Healthy
Uttar Pradesh,Kanpur,2016,2710.558,2140.1899999999996,1.2665034412832508,0,0,Healthy
Uttar Pradesh,Kanpur,2017,2845.294,2235.1956,1.2729507878415651,0,0,Healthy
Uttar Pradesh,Kheri,2016,2217.2560000000003,1830.3560000000002,1.2113796441785096,0,0,Healthy
Uttar Pradesh,Kheri,2017,2186.098,1924.5488,1.1359015682013363,0,0,Healthy
Uttar Pradesh,Lucknow,2016,1813.382,1595.0664000000002,1.1368692864447523,0,0,Healthy
Uttar Pradesh,Lucknow,2017,1855.158,1648.9952,1.1250232869082941,0,0,Healthy
Uttar Pradesh,Mainpuri,2016,2572.16,2414.7599999999998,1.065182461196972,0,0,Healthy
Uttar Pradesh,Mainpuri,2017,2711.1580000000004,2448.2452,1.107388263234418,0,0,Healthy
Uttar Pradesh,Mathura,2016,2314.9139999999998,2172.6256000000003,1.0654914496082526,0,0,Healthy
Uttar Pradesh,Mathura,2017,2180.0299999999997,2204.1728000000003,0.9890467752800504,0,0,Healthy
Uttar Pradesh,Meerut,2016,2159.696,2312.578,0.9338910947003733,0,0,Healthy
Uttar Pradesh,Meerut,2017,2312.8360000000002,2286.7704,1.011398433353869,0,0,Healthy
Uttar Pradesh,Mirzpur,2016,1725.2859999999996,1538.2308,1.121604118185645,0,0,Healthy
Uttar Pradesh,Mirzpur,2017,1771.964,1564.0284,1.132948736736494,0,0,Healthy
Uttar Pradesh,Moradabad,2016,2051.2819999999997,1804.9095999999997,1.1365012408377684,0,0,Healthy
Uttar Pradesh,Moradabad,2017,2103.034,1872.1712,1.123312867968485,0,0,Healthy
Uttar Pradesh,Muzaffarnagar,2016,1678.1779999999999,1508.9076,1.112180759113414,0,0,Healthy
Uttar Pradesh,Muzaffarnagar,2017,1737.982,1538.3683999999998,1.129756695470344,0,0,Healthy
Uttar Pradesh,Pilibhit,2016,1877.8619999999999,1619.5223999999998,1.159515916544285,0,0,Healthy
Uttar Pradesh,Pilibhit,2017,1944.9919999999997,1653.6595999999997,1.1761743468849333,0,0,Healthy
Uttar Pradesh,Pratapgarh,2016,1812.4419999999998,1572.732,1.1524163048758465,0,0,Healthy
Uttar Pradesh,Pratapgarh,2017,1875.0759999999998,1605.1843999999999,1.1681374426514486,0,0,Healthy
Uttar Pradesh,Rae-Bareily,2016,1822.458,1536.5256,1.1860902284999353,0,0,Healthy
Uttar Pradesh,Rae-Bareily,2017,1973.0080000000003,1569.2092,1.2573263016811271,0,0,Healthy
Uttar Pradesh,Rampur,2016,2137.548,1828.8056000000001,1.1688218802479606,0,0,Healthy
Uttar Pradesh,Rampur,2017,2221.938,1901.5344,1.168497398732308,0,0,Healthy
Uttar Pradesh,Saharanpur,2016,1922.904,1359.1676000000002,1.4147659199645428,0,0,Healthy
Uttar Pradesh,Saharanpur,2017,1605.218,1466.1492,1.0948531022627166,0,0,Healthy
Uttar Pradesh,Shahjahanpur,2016,2298.8160000000003,1948.3211999999999,1.1798957995221735,0,0,Healthy
Uttar Pradesh,Shahjahanpur,2017,2389.6940000000004,2008.4248,1.1898349393016858,0,0,Healthy
Uttar Pradesh,Sitapur,2016,1767.0260000000003,1594.6396,1.1081036743349408,0,0,Healthy
Uttar Pradesh,Sitapur,2017,1676.9579999999999,1630.5468,1.0284635804381694,0,0,Healthy
Uttar Pradesh,Sultanpur,2016,1670.8739999999998,1541.8736000000001,1.0836647050705062,0,0,Healthy
Uttar Pradesh,Sultanpur,2017,2258.0080000000003,1503.9959999999999,1.5013390993061155,0,0,Healthy
Uttar Pradesh,Unnao,2016,1875.614,1526.578,1.2286394799348608,0,0,Healthy
Uttar Pradesh,Unnao,2017,1845.4599999999998,1592.4644,1.158870490291651,0,0,Healthy
Uttar Pradesh,Varanasi,2016,1849.994,1784.4172000000003,1.0367497018074021,0,0,Healthy
Uttar Pradesh,Varanasi,2017,2084.582,1774.6272000000001,1.174659105867418,0,0,Healthy
Uttarakhand,Almorah,2016,676.9279999999999,731.5980000000001,0.9252731691448033,0,0,Healthy
Uttarakhand,Almorah,2017,789.266,703.6064,1.121743633940794,0,0,Healthy
Uttarakhand,Chamoli,2016,878.2139999999999,788.0308,1.1144412121962746,0,0,Healthy
Uttarakhand,Chamoli,2017,904.5560000000002,811.232,1.1150398406374504,0,0,Healthy
Uttarakhand,Dehradun,2016,1334.822,1200.482,1.1119050514709925,0,0,Healthy
Uttarakhand,Dehradun,2017,1438.462,1216.2904,1.1826632850181173,0,0,Healthy
Uttarakhand,Garhwal,2016,885.74,758.4684,1.1678007943376416,0,0,Healthy
Uttarakhand,Garhwal,2017,1005.266,802.2268,1.2530945114274417,0,0,Healthy
Uttarakhand,Nainital,2016,1728.6,1742.6347999999998,0.9919462184503604,0,0,Healthy
Uttarakhand,Nainital,2017,1781.5440000000003,1743.4288000000001,1.0218622062455318,0,0,Healthy
Uttarakhand,Pithorgarh,2016,858.106,837.1039999999999,1.0250888778455247,0,0,Healthy
Uttarakhand,Pithorgarh,2017,929.2540000000001,859.8516,1.0807143930417762,0,0,Healthy
Uttarakhand,Tehri Garhwal,2016,935.7239999999999,886.2271999999999,1.055851140655579,0,0,Healthy
Uttarakhand,Tehri Garhwal,2017,1160.5880000000002,914.2352000000001,1.2694632628452722,0,0,Healthy
Uttarakhand,Uttar Kashi,2016,1016.9399999999999,1013.4104,1.0034828930115578,0,0,Healthy
Uttarakhand,Uttar Kashi,2017,1207.9540000000002,1035.9192,1.1660697089116605,0,0,Healthy
West Bengal,24 Parganas,2016,1711.964,1569.1392,1.0910211152713538,0,0,Healthy
West Bengal,24 Parganas,2017,1468.59,1616.4388,0.9085342420634793,0,0,Healthy
West Bengal,Bankura,2016,1668.5639999999999,1579.4204,1.0564407044508226,0,0,Healthy
West Bengal,Bankura,2017,1581.7400000000002,1612.3011999999999,0.9810449809254005,0,0,Healthy
West Bengal,Birbhum,2016,1697.9560000000001,1530.2036,1.1096275031636313,0,0,Healthy
West Bengal,Birbhum,2017,1661.414,1586.212,1.0474098039858482,0,0,Healthy
West Bengal,Burdwan,2016,1508.2379999999998,1593.6724,0.9463914917520062,0,0,Healthy
West Bengal,Burdwan,2017,1581.2540000000001,1596.812,0.990256836747219,0,0,Healthy
West Bengal,Cooch Behar,2016,2022.1620000000003,2163.0504,0.9348658727508153,0,0,Healthy
West Bengal,Cooch Behar,2017,2375.318,2160.1088000000004,1.0996288705457797,0,0,Healthy
West Bengal,Darjeeling,2016,1179.1399999999999,1232.8004,0.9564727590938483,0,0,Healthy
West Bengal,Darjeeling,2017,1541.8,1198.0036,1.2869744297930323,0,0,Healthy
West Bengal,Hooghly,2016,1570.466,1425.1488000000002,1.101966335024104,0,0,Healthy
West Bengal,Hooghly,2017,1631.7620000000002,1446.2148000000002,1.1282985072480243,0,0,Healthy
West Bengal,Howrah,2016,1195.4699999999998,1150.4664,1.0391177004387089,0,0,Healthy
West Bengal,Howrah,2017,1540.014,1212.0312,1.2706059051945198,0,0,Healthy
West Bengal,Jalpaiguri,2016,1512.516,1497.4815999999998,1.0100397894705353,0,0,Healthy
West Bengal,Jalpaiguri,2017,2175.464,1514.6032,1.4363260291540385,0,0,Healthy
West Bengal,Malda,2016,2276.942,1692.1612,1.3455822057614841,0,0,Healthy
West Bengal,Malda,2017,2790.296,1820.3847999999998,1.532805591433196,0,0,Healthy
West Bengal,Midnapur,2016,1464.472,1485.8192000000001,0.9856327068596232,0,0,Healthy
West Bengal,Midnapur,2017,1744.7599999999998,1492.4263999999998,1.169076076381388,0,0,Healthy
West Bengal,Murshidabad,2016,2162.196,2044.4095999999997,1.057613894984645,0,0,Healthy
West Bengal,Murshidabad,2017,2068.5,2067.2208,1.0006188018232014,0,0,Healthy
West Bengal,Nadia,2016,1809.6380000000001,1769.1272000000001,1.0228987491685166,0,0,Healthy
West Bengal,Nadia,2017,1431.256,1785.4876,0.8016051189602214,0,3,Partial
West Bengal,Purulia,2016,1494.1299999999999,1390.346,1.0746461672130534,0,0,Healthy
West Bengal,Purulia,2017,1468.508,1411.1556,1.0406421517230275,0,0,Healthy
West Bengal,West Dinajpur,2016,2232.304,2159.5372,1.0336955529175418,0,0,Healthy
West Bengal,West Dinajpur,2017,2753.184,2173.6344,1.2666269911812218,0,0,Healthy
